Transaction_ID,User_ID,Product_ID,Quantity,Transaction_Date
abd3327d-c321-4d8b-ab24-5d43c0b8b54b,7bcd5dc1-ce4b-43cd-b06d-3f2309fa4b92,4bd89363-4272-4c90-86b0-e4aec0645fae,2,2024-05-23
3f293d73-8e2e-4a36-8350-7e43bf30d4ea,f475dafe-fd20-416b-8ccf-695d9a4ee8c7,deb51472-996a-42b1-96e5-6a72ba78e2ab,1,2024-04-05
6633ae86-ea30-499c-b35d-72799b47ba1a,587359d4-f971-4ef3-a2d0-c22546f54985,7e18ca93-a3b9-462e-bbbc-14ed5d533b3e,2,2024-01-11
f4666110-40cb-4a4d-b69e-e64ee7961ece,841a2055-daf6-4d1c-9ec6-5f45a1dabf88,1332c032-a285-4997-b8f7-66ea41f5e4ba,2,2024-06-06
3dd2fe89-346f-4fff-8880-aaf491bca55c,67e3f5b2-793b-4c52-b62b-eefe6acb24a2,c3170728-95ef-422f-8e5c-7f7b2479fdaa,4,2024-05-11
ae6671da-4bc8-43ac-81d1-ad5bbce5ed40,2927e5af-1e2b-4434-8cc5-2657835814bb,7e18ca93-a3b9-462e-bbbc-14ed5d533b3e,5,2024-07-22
6f10387c-244f-4095-b2b8-4ed89469ecd0,dad4fe4a-5931-456a-9c62-33ddafeb0522,46cd6a49-3e36-4b01-ac1a-6a33d63c7ed9,3,2024-07-25
e89c143a-c52b-45cd-a9fa-959f936572a2,3e531b6f-12b9-47fc-be11-49b10275bbd1,d2727197-c8d4-48d9-9ecc-04f4c307a900,1,2024-05-31
0cf59ec4-13a0-4893-bf54-ff05a44d3bb2,1a64663b-e5cd-421c-9913-bfd58dde9ac6,b14c7039-87b4-4b3d-bf95-2cd040d690b2,3,2024-08-09
e9781b56-27ab-44d4-95ce-5464bc9c1408,32df5bcb-da67-4a7c-b6e0-57504c104c12,deb51472-996a-42b1-96e5-6a72ba78e2ab,1,2024-07-09
405f4302-b25f-45e5-a40b-92c835148f78,b3e38c97-fb33-4ef4-aab5-bd2741615dc0,63e8bbbb-5ad7-4d1d-b1c2-001a07b664f5,3,2024-01-21
57e3e6cc-16ce-488b-8421-ab6e6a85a8d2,b3e38c97-fb33-4ef4-aab5-bd2741615dc0,d6145ef1-8d21-40c6-8bcf-2010f160fc0d,4,2024-05-29
8e61a87d-59cf-414d-ac55-02cca5a8fb31,f2433fa9-4bd4-4274-acf5-27f7c2a97a62,d6145ef1-8d21-40c6-8bcf-2010f160fc0d,4,2024-04-22
683ff88b-21dd-422a-b0ea-3f7fe1f03080,83b54a9c-c10d-4354-b1d6-b54f207c3751,508ea1d5-daf0-4572-90bc-48f9931eca53,2,2024-04-24
a5a16107-98fb-4703-9f92-1896cd8fda02,c9ab6698-6062-4089-a9a9-2d6e9f97ce21,7d496f22-33e6-4285-9be2-321e8b0561b3,5,2024-02-09
cdda240e-7434-4466-b690-638d78bab43e,841a2055-daf6-4d1c-9ec6-5f45a1dabf88,508ea1d5-daf0-4572-90bc-48f9931eca53,5,2024-04-17
7139a5ba-3e37-4a67-9b3d-e7ee199a7685,6ee23c24-f2d3-4b11-b3dc-a93a7cb7cef5,a09b54cd-0abf-4d6a-9ef6-fc8c4c9f47ea,4,2024-05-18
ea4ed73c-0e27-47b6-8aee-19a6974d7cd7,8a3cf6f7-9aa7-44ce-9134-5324e5ae1c12,6a461f4a-1181-42ed-a3d2-93e2aecdb709,2,2024-03-29
7a7f701d-beae-4b36-b319-8956eb8f9607,cbe5b40e-bf75-474a-b3e1-5f4a0ed12a64,0551ef25-0bd4-4d9c-ad14-2d3a48d42e20,1,2024-08-05
9e28a84f-261b-44f6-bc76-74cb9b0c38c3,99821501-3d94-4c9e-98af-d16ce92f1d67,99c9e979-6fdf-4dd7-8df7-4342b36d1a89,1,2024-05-14
47c05f27-514d-4d0d-bd10-0bcd0a2143e4,d9e346de-d217-4e69-9b13-bd992063994d,7e18ca93-a3b9-462e-bbbc-14ed5d533b3e,2,2024-07-20
bdf8b35f-ff26-4061-9c41-f7ff02952ddf,d2e260a2-c115-40db-b0f3-abfc0093e9cd,8cfee8d2-32b9-4c82-8b9c-8819bc0b252c,5,2024-02-06
fe3608e2-3a88-46c5-88d7-9aa6462e7466,13d4b7fe-8447-4a9e-b131-b92af7a19a3c,7adf5937-657c-43c1-916f-5f52da717fac,4,2024-05-01
c4936f50-7e1b-4862-a964-74f76bf98539,7a0583df-eaef-4886-9bf8-9a1af548a72f,c3170728-95ef-422f-8e5c-7f7b2479fdaa,5,2024-05-12
f27d2daa-2376-43a8-9df3-d58f9d39ee01,8691fdd1-4570-423b-8cf0-0ddce9a66995,1f3c80e6-fef1-49fe-9835-d7580973e77a,1,2024-08-10
1a486c02-265f-449a-bd1a-f31412b9c5e8,d2e260a2-c115-40db-b0f3-abfc0093e9cd,1332c032-a285-4997-b8f7-66ea41f5e4ba,1,2024-05-15
8c7a9d0b-6ce7-4d77-85c7-2791baf94321,d2e260a2-c115-40db-b0f3-abfc0093e9cd,c487dc5c-fcd3-49fc-b7d9-c8d811d692f5,3,2024-02-24
d7abd04b-a540-4864-8481-a04b4d7eb884,3e531b6f-12b9-47fc-be11-49b10275bbd1,d6145ef1-8d21-40c6-8bcf-2010f160fc0d,3,2024-05-31
c284e0e3-bd30-4808-b28f-5458fb376daa,f12be5f9-c55b-4e65-9253-835c7226f10e,f5f3f75b-138c-4171-8874-5ff40049cf17,4,2024-03-03
6f78e1e7-d2d3-4681-92f3-bec6fe2f65c8,67e3f5b2-793b-4c52-b62b-eefe6acb24a2,c3170728-95ef-422f-8e5c-7f7b2479fdaa,1,2024-05-31
ba0479be-df00-49bf-9298-901ce61baf8c,9362202f-cdef-46a8-be0d-537bc7f2e815,1332c032-a285-4997-b8f7-66ea41f5e4ba,3,2024-08-02
ae0bdf63-9b57-4321-b690-414f2fdabea7,b32b64f9-537c-4b99-97d9-dd6f40e87bfd,89658e79-a140-4889-86d9-6a012ac19212,2,2024-06-30
5dda2029-cc7d-42ef-add7-aaf326bd9141,b32b64f9-537c-4b99-97d9-dd6f40e87bfd,4a5140fa-0fc2-417a-ba2b-8a29076b4772,3,2024-08-06
98c79c19-e6d7-4f76-bf8b-73e7fb4813f5,018b725c-c6db-4ae5-a0cf-7b5d858c382a,e759d593-0d6a-4264-9dd2-adfbb8939038,5,2024-06-29
78144cd4-2668-4f85-92e7-bf90846ae572,80d39f01-a26e-416d-bbd2-6d82e793b592,684a7ae3-274a-46f3-8ccd-185800498136,3,2024-03-27
99b6c1e7-56ca-4580-985a-80866c51e9b5,5d31c3c3-5521-496a-8f0f-dd71b27a580a,9e940818-e66b-4d16-be56-4e9cf23021cc,5,2024-08-13
0cf2bbdc-9176-43e9-91ac-5382cff0b658,370be351-6ec1-4d17-a190-929356466fd3,af0e08fe-4b55-4ec0-9d66-43a588c97d5b,1,2024-06-24
507603e7-ec41-46fa-ad6c-6d56cddb2581,7a0583df-eaef-4886-9bf8-9a1af548a72f,cca4542c-b127-4afc-aa37-7756b9d6e2a1,4,2024-08-21
7e7466a6-a510-4bfa-ba06-bf035313d6ff,087eee97-7af2-4d0a-a4d6-042b4551a767,805c053f-4536-4742-9e05-9acf6f191c40,3,2024-05-15
2388b95e-0cf9-4c5a-987a-80f506118fa2,38fe297b-47c7-4dd0-aeb6-4c276a2884ae,a1fb103f-9a36-4626-851e-da5f53e42e6f,1,2024-01-23
a9b43d8f-000d-4011-a18c-2d613bccba3a,36661ee8-1ede-4149-9845-cbc7e723f2d2,63e8bbbb-5ad7-4d1d-b1c2-001a07b664f5,1,2024-03-08
96c321a0-dd55-4e7e-962e-4ceeac4ea3d8,52d0e1b5-27ee-4eb3-bde6-8182a471ec5d,1332c032-a285-4997-b8f7-66ea41f5e4ba,4,2024-07-15
1bd63ca2-1db4-43e5-bcbc-e49eb7edfca4,13d4b7fe-8447-4a9e-b131-b92af7a19a3c,89658e79-a140-4889-86d9-6a012ac19212,5,2024-07-18
7a4fc8bc-17db-4835-978e-f321a6ef1e44,3e531b6f-12b9-47fc-be11-49b10275bbd1,04324795-cd89-44b0-84c1-83561e5df529,2,2024-08-19
bebb5f40-734f-4429-abfa-edd9aa73b943,bacb2132-c57c-475d-8d4c-8a88b913a807,cbed1241-eb4f-43e9-8d12-e3d9c7508bb2,5,2024-02-26
66bc4db0-b059-42e2-aa9f-dd1319e6008b,11079ce9-d6d1-4c1f-a7e2-677d3faeb608,508ea1d5-daf0-4572-90bc-48f9931eca53,5,2024-05-25
b55c59fb-975b-4634-ae02-e487b158bfc4,587359d4-f971-4ef3-a2d0-c22546f54985,8cfee8d2-32b9-4c82-8b9c-8819bc0b252c,2,2024-04-17
adb552b1-a566-4d72-bce8-af498c49912d,c3d5bcc1-ae0f-43ee-8c64-d1ba7e9f9c98,89658e79-a140-4889-86d9-6a012ac19212,2,2024-06-30
07fdb41b-e550-47c3-b80e-f25e73357354,5fc5ebc7-5713-42a2-a1e6-be8a83758e41,10403f77-8bc1-497e-bba5-3c427329fe8c,4,2024-02-19
5e2c68e7-678a-4b02-8f9b-0f58e1c3009e,f475dafe-fd20-416b-8ccf-695d9a4ee8c7,d6145ef1-8d21-40c6-8bcf-2010f160fc0d,3,2024-01-18
3cceb158-7661-47fa-8262-b969f7d53900,1de32790-4a2d-4bbd-8eca-3e79b74ab31a,af0e08fe-4b55-4ec0-9d66-43a588c97d5b,4,2024-05-30
15ba04f6-d51e-486c-8e3c-55df83b4743f,d00355d0-ae64-419e-9654-98a231e79f22,a1fb103f-9a36-4626-851e-da5f53e42e6f,2,2024-08-25
ba921f58-d7af-4eed-8870-255a7d444025,13d4b7fe-8447-4a9e-b131-b92af7a19a3c,e1334fd0-d721-4bba-a614-8bc100368c91,1,2024-07-05
6f9a02c1-ebc6-437e-a83b-8e7062f6732f,7d4c7f81-7bbc-43c1-9537-5ec4e63b9e41,1f3c80e6-fef1-49fe-9835-d7580973e77a,2,2024-06-12
51fb1b86-e27a-4e1c-86e8-e18d7e44184c,7d4c7f81-7bbc-43c1-9537-5ec4e63b9e41,6a461f4a-1181-42ed-a3d2-93e2aecdb709,1,2024-04-30
a16c5cc4-bae0-4bb6-a7c1-6896d0b1cc03,58838810-6842-4262-876d-b5bfad554db3,af301a41-4768-433f-a81b-9738fa59a5f2,1,2024-04-20
97bcba9b-ec1a-4375-9a45-853c54289cfb,1a64663b-e5cd-421c-9913-bfd58dde9ac6,1a0419fa-6e90-4b16-8db5-069c2b752261,1,2024-02-09
395c059a-6d5f-445b-b2e5-3062ca931bd5,4a6be2b3-ab8e-4ebd-a00b-c9d814827735,1a0419fa-6e90-4b16-8db5-069c2b752261,5,2024-08-18
84162bc4-4eac-48f5-bc80-ab9c82aff33a,36661ee8-1ede-4149-9845-cbc7e723f2d2,deb51472-996a-42b1-96e5-6a72ba78e2ab,4,2024-05-28
113a4141-2117-4423-9cdf-65e108b380bc,b3e38c97-fb33-4ef4-aab5-bd2741615dc0,c487dc5c-fcd3-49fc-b7d9-c8d811d692f5,2,2024-08-12
bc0ab03f-eb37-4f1c-b1c6-646aa568bd97,9362202f-cdef-46a8-be0d-537bc7f2e815,63e8bbbb-5ad7-4d1d-b1c2-001a07b664f5,5,2024-01-28
2743c6cc-7a84-4357-8bc6-770822bd7261,9114376b-f70b-4724-8b50-32430641b8bc,a1fb103f-9a36-4626-851e-da5f53e42e6f,4,2024-04-18
e5202af6-9d43-4901-8654-b9178b07ab65,861891e1-2e39-45f8-bb82-be3502f57848,32168aa7-19e9-43c6-985e-1ae1aed0047e,1,2024-03-07
6a351968-8b6b-4adc-9284-7bd7c5f40c4d,6d89dd9b-6721-4e85-960b-676b1cc471c7,76cd3754-36f8-4e9e-bea4-063574cf6886,4,2024-02-18
9b5cf6f1-6e8b-404c-8b95-be988a2fea5b,c3167941-3184-4e90-89db-3fcbb9cd4c9c,8cfee8d2-32b9-4c82-8b9c-8819bc0b252c,4,2024-01-21
e0210c0e-9722-4ef8-ae34-4333bd499cad,caa80d81-0f81-4066-bd2b-7bcdbc67c3e7,1332c032-a285-4997-b8f7-66ea41f5e4ba,1,2024-03-18
f59833ed-81da-4b40-baec-0565c5532e07,594b9707-9366-45f9-9d29-205bdd2011df,d6145ef1-8d21-40c6-8bcf-2010f160fc0d,1,2024-06-22
21e753a5-2a4f-49bb-a99d-3157fbcb465b,c1ec1d52-4c2e-4115-b845-263d7b651b5e,66578397-7334-4d70-a8ae-40938eb76a1a,3,2024-05-26
675132ce-a99a-4326-a944-13c555a6023a,658fb1eb-d5f5-4d95-bb78-3b93b268f565,a1fb103f-9a36-4626-851e-da5f53e42e6f,2,2024-01-02
ce13fe34-2e18-49bf-a406-1f558dd7ba6c,ce8542b7-afa6-46a8-8ba8-8b6178b996d1,c487dc5c-fcd3-49fc-b7d9-c8d811d692f5,4,2024-03-12
f7dac6d1-e3ef-471c-9e8b-1c53d7331af4,812f3f6c-07e6-47c8-b15e-754a861fcbc4,8cfee8d2-32b9-4c82-8b9c-8819bc0b252c,2,2024-08-21
91131c42-6016-4898-ac10-7000c29b7726,16420d0c-2e7e-4a4d-8e9c-304113aa06c0,c3170728-95ef-422f-8e5c-7f7b2479fdaa,2,2024-05-27
a3767f63-a6f3-49bd-93bb-d0b9088c0328,58838810-6842-4262-876d-b5bfad554db3,4a883726-42ea-4c3f-bd57-db91378859bc,5,2024-06-24
a1ded7b3-f539-438e-b2a3-f0a8be2d3374,6d89dd9b-6721-4e85-960b-676b1cc471c7,99c9e979-6fdf-4dd7-8df7-4342b36d1a89,5,2024-02-28
1b8d5044-5057-44e9-93a9-ddc903ef5a70,d23b1330-6e89-4b4f-ba3e-64f0a3891fa5,43c60d20-7121-46a6-b548-f7be1780dcd8,2,2024-07-07
8839ccf1-26d9-4d91-8afd-886ab86fa774,11079ce9-d6d1-4c1f-a7e2-677d3faeb608,bd381ce1-0671-4d5b-a878-de28c508dffa,4,2024-08-27
5b5bb1a5-43d5-475f-ac43-aae5e78ab9de,fb87a32b-c9b3-4f22-89f2-a6a3ea9b1ef9,9e516857-5020-45be-8677-597770444957,4,2024-06-14
2c68ea50-3c3d-4873-bb4c-fb5a21a88cce,c1ec1d52-4c2e-4115-b845-263d7b651b5e,9e940818-e66b-4d16-be56-4e9cf23021cc,4,2024-08-25
ef74206a-e172-4811-87f9-6e5971cfce73,528df3bf-4eac-492b-a033-a4095a5595ad,7adf5937-657c-43c1-916f-5f52da717fac,3,2024-03-07
51fbb1c7-9edd-4900-95cd-79bc6094886d,9338ed22-4a08-4962-a9e9-7bafc3c6a205,f5f3f75b-138c-4171-8874-5ff40049cf17,4,2024-01-27
2b794f87-98cf-4814-9d97-625f98539aee,e9dda49f-5915-4553-9a40-45c24a471f06,1332c032-a285-4997-b8f7-66ea41f5e4ba,5,2024-08-15
25fb870a-7d53-45f0-81f5-3f61de8de23c,bacb2132-c57c-475d-8d4c-8a88b913a807,af301a41-4768-433f-a81b-9738fa59a5f2,4,2024-02-17
ff157996-8448-439b-b6da-476504fd1820,d9e346de-d217-4e69-9b13-bd992063994d,32168aa7-19e9-43c6-985e-1ae1aed0047e,3,2024-02-21
718d4e81-243f-4f34-b6ba-dbb41febde77,b3e38c97-fb33-4ef4-aab5-bd2741615dc0,99c9e979-6fdf-4dd7-8df7-4342b36d1a89,5,2024-07-21
092ebefc-e6c5-42ef-9de1-63be70236230,bf195254-cb20-4f77-ad02-079a4953b37c,c487dc5c-fcd3-49fc-b7d9-c8d811d692f5,1,2024-07-22
6850ee0c-52e3-40c4-a181-08a94ece9fee,3e2e4fde-4cca-4da4-adcc-31620b2c5dae,cca4542c-b127-4afc-aa37-7756b9d6e2a1,1,2024-02-08
ab99973f-ffc5-4a99-86ed-69cca3d4374a,88ab6c4b-ac65-4ce2-8613-2c0374e8e45c,a09b54cd-0abf-4d6a-9ef6-fc8c4c9f47ea,4,2024-04-14
beb0d9e7-f94d-4310-a96a-d8fcc0d68535,b32b64f9-537c-4b99-97d9-dd6f40e87bfd,af0e08fe-4b55-4ec0-9d66-43a588c97d5b,2,2024-01-09
3582d31e-7bd1-464a-b652-545b41f8f9b9,c1ec1d52-4c2e-4115-b845-263d7b651b5e,e759d593-0d6a-4264-9dd2-adfbb8939038,1,2024-07-20
0dec2379-4355-4c95-ae54-60b42dbce947,b76ac0be-f836-4f7b-bdc8-99e89560e2cb,1a0419fa-6e90-4b16-8db5-069c2b752261,5,2024-01-06
4daff028-6bf1-4501-83e2-c0133770db53,13d4b7fe-8447-4a9e-b131-b92af7a19a3c,46cd6a49-3e36-4b01-ac1a-6a33d63c7ed9,2,2024-03-28
44f661f1-94ca-4e85-9780-d0690ce599a2,32df5bcb-da67-4a7c-b6e0-57504c104c12,805c053f-4536-4742-9e05-9acf6f191c40,5,2024-07-23
bc759446-9b86-46bc-8b0e-bf192e474a92,c9ab6698-6062-4089-a9a9-2d6e9f97ce21,a09b54cd-0abf-4d6a-9ef6-fc8c4c9f47ea,5,2024-06-25
66928ce0-5283-40cd-bc8f-2155517da333,5fa61352-782c-476b-8927-4c9e9f6411f1,9b5b30a0-514e-41e5-aca7-201c742d7ad6,1,2024-06-15
405d5152-40b5-408b-b5fa-c75057fc16d7,17372cee-b534-454c-a37d-9ea2648f3b17,76cd3754-36f8-4e9e-bea4-063574cf6886,5,2024-08-13
3d9622bb-e223-4edd-ab39-910a1aca9d39,7c3fd0c3-9f31-4410-8fa8-0fce2ff1a5a4,af0e08fe-4b55-4ec0-9d66-43a588c97d5b,3,2024-01-21
e5f72668-13d2-42c0-8252-20377b2e56f7,c80f7aa3-66d4-4edd-9dc8-951fa3005134,9e516857-5020-45be-8677-597770444957,3,2024-01-07
9aa8504c-6d0c-45b3-9430-970e90bba25f,36661ee8-1ede-4149-9845-cbc7e723f2d2,508ea1d5-daf0-4572-90bc-48f9931eca53,4,2024-03-22
068d604a-6b85-4c7a-b3ed-cff504f7e696,9fc2416e-df4f-4e83-ae28-6eb6e1130928,76cd3754-36f8-4e9e-bea4-063574cf6886,3,2024-06-23
9b0a3d92-6b7c-4b66-8faa-79bd829c9938,9338ed22-4a08-4962-a9e9-7bafc3c6a205,cca4542c-b127-4afc-aa37-7756b9d6e2a1,1,2024-05-01
315cda07-e052-486c-8789-332e703b69b6,d23b1330-6e89-4b4f-ba3e-64f0a3891fa5,c3170728-95ef-422f-8e5c-7f7b2479fdaa,5,2024-05-12
2b676a52-61c0-4911-86a5-bb5045de40f4,7c3fd0c3-9f31-4410-8fa8-0fce2ff1a5a4,4a5140fa-0fc2-417a-ba2b-8a29076b4772,1,2024-01-13
de6e57dc-9173-4a58-9eac-55093279968a,841a2055-daf6-4d1c-9ec6-5f45a1dabf88,9e516857-5020-45be-8677-597770444957,5,2024-01-08
eaf56e6f-5a82-4142-8204-69ed3baf3ef3,c80f7aa3-66d4-4edd-9dc8-951fa3005134,04324795-cd89-44b0-84c1-83561e5df529,3,2024-03-20
cbb78cfb-8e3d-4e87-8a14-190b73697480,13d4b7fe-8447-4a9e-b131-b92af7a19a3c,a1fb103f-9a36-4626-851e-da5f53e42e6f,3,2024-03-09
88b766d2-02ee-4a9b-b6d0-931ac1071788,7168add0-e400-473d-aac0-978428f8124b,9e940818-e66b-4d16-be56-4e9cf23021cc,4,2024-03-18
723ea01a-3afc-40ed-bf4e-e58a82ff06f3,c3d5bcc1-ae0f-43ee-8c64-d1ba7e9f9c98,af301a41-4768-433f-a81b-9738fa59a5f2,3,2024-02-11
c49e854a-9331-4fc8-a683-c2281b8d4287,178c67e8-6534-4590-bba1-1fccb01f685e,d6145ef1-8d21-40c6-8bcf-2010f160fc0d,5,2024-08-01
44936da2-27e0-4696-85d1-6df28cb4974b,d23b1330-6e89-4b4f-ba3e-64f0a3891fa5,76cd3754-36f8-4e9e-bea4-063574cf6886,5,2024-07-14
cdf4f9f9-bec9-4694-8237-79a885f5516f,b5c506bb-b844-41b7-81a0-40fee3800a1d,76cd3754-36f8-4e9e-bea4-063574cf6886,1,2024-08-18
6bedc8fa-154d-4734-a896-78fc94d33dbb,812f3f6c-07e6-47c8-b15e-754a861fcbc4,508ea1d5-daf0-4572-90bc-48f9931eca53,1,2024-06-24
7e058f07-82b5-4a31-b861-c1cd0b24c70a,658fb1eb-d5f5-4d95-bb78-3b93b268f565,7d496f22-33e6-4285-9be2-321e8b0561b3,5,2024-03-13
e91272a6-9032-443c-a7fc-14876dcf0daa,d9e346de-d217-4e69-9b13-bd992063994d,deb51472-996a-42b1-96e5-6a72ba78e2ab,3,2024-06-18
3c5c6fdb-0059-42ad-b61e-f815b8d66d62,587359d4-f971-4ef3-a2d0-c22546f54985,9e516857-5020-45be-8677-597770444957,3,2024-03-21
1d829d10-cc88-4955-8bd5-1a8c4919c367,d6b70054-7d30-4d62-b5bb-f57c24823bf6,46cd6a49-3e36-4b01-ac1a-6a33d63c7ed9,3,2024-05-08
42e925fc-073d-4ab8-9e8b-b01bcc9c6757,b32b64f9-537c-4b99-97d9-dd6f40e87bfd,0551ef25-0bd4-4d9c-ad14-2d3a48d42e20,3,2024-05-27
385f4e5a-e683-449e-8b32-5a2ea7b4ae9a,88ab6c4b-ac65-4ce2-8613-2c0374e8e45c,43c60d20-7121-46a6-b548-f7be1780dcd8,4,2024-02-12
335eab64-b6e9-44b7-965e-f6d6ce2a223d,16420d0c-2e7e-4a4d-8e9c-304113aa06c0,b14c7039-87b4-4b3d-bf95-2cd040d690b2,1,2024-04-16
c626bdb1-7932-4e76-9af3-ef1a7a41fc37,4a6be2b3-ab8e-4ebd-a00b-c9d814827735,d2727197-c8d4-48d9-9ecc-04f4c307a900,2,2024-04-12
e0fef7a3-7f3d-4b9d-ad47-b86916f04224,018b725c-c6db-4ae5-a0cf-7b5d858c382a,508ea1d5-daf0-4572-90bc-48f9931eca53,2,2024-05-04
9db3364e-a5ed-4140-9a86-acb6207061fe,bf195254-cb20-4f77-ad02-079a4953b37c,4a883726-42ea-4c3f-bd57-db91378859bc,5,2024-01-04
07cc9769-622a-4d5b-97af-601c42245d9d,ed110c9e-3231-4b3e-b08a-af8597f2ccd7,8cfee8d2-32b9-4c82-8b9c-8819bc0b252c,5,2024-03-07
55e5d7a1-b697-4694-a676-587731b30657,d23b1330-6e89-4b4f-ba3e-64f0a3891fa5,805c053f-4536-4742-9e05-9acf6f191c40,1,2024-08-08
8467f8f8-8100-4bb5-8efe-1b9436af0a02,165a8d03-8234-443e-94ca-2f309fa27fe8,684a7ae3-274a-46f3-8ccd-185800498136,5,2024-06-19
8197655d-81ed-4475-854c-3d48c6e2ace4,f5ebbf4e-e476-4899-8250-2e1d1402bbd9,164df126-5139-4749-b7d9-80db97aab362,5,2024-06-08
b1f3f6b0-62fc-46e4-9691-d3206d07f6c7,6131861e-5d82-4906-8f22-c176b23d3b36,684a7ae3-274a-46f3-8ccd-185800498136,4,2024-07-14
9da112c9-eb32-445d-9622-7262693febc7,9fc2416e-df4f-4e83-ae28-6eb6e1130928,b14c7039-87b4-4b3d-bf95-2cd040d690b2,3,2024-07-19
2d41959e-a037-4d32-b9ca-810284c9b090,8a3cf6f7-9aa7-44ce-9134-5324e5ae1c12,b14c7039-87b4-4b3d-bf95-2cd040d690b2,3,2024-05-20
601f1313-2138-472e-a45f-18b2480acabe,d6b70054-7d30-4d62-b5bb-f57c24823bf6,46cd6a49-3e36-4b01-ac1a-6a33d63c7ed9,2,2024-04-17
4bd0b890-8ddf-432d-8651-683de68a7419,f475dafe-fd20-416b-8ccf-695d9a4ee8c7,4a5140fa-0fc2-417a-ba2b-8a29076b4772,3,2024-02-13
fab5509d-fc35-4706-a91c-b213f0407a6e,370be351-6ec1-4d17-a190-929356466fd3,1f3c80e6-fef1-49fe-9835-d7580973e77a,4,2024-04-26
cd3e0901-c7b2-46e7-b95c-382cc2c4c264,3638c9f5-ff50-4457-9ce3-046507d1a225,7d496f22-33e6-4285-9be2-321e8b0561b3,2,2024-06-04
c426380b-f653-4206-8fc6-d8341c0b5084,36661ee8-1ede-4149-9845-cbc7e723f2d2,9e940818-e66b-4d16-be56-4e9cf23021cc,2,2024-04-27
76a0146b-acb6-4912-9ace-7882c2ac14b0,861891e1-2e39-45f8-bb82-be3502f57848,01dc60ef-7f44-41bd-b97d-3197c53631b5,2,2024-04-24
ac0dc2e1-3191-4c49-848e-77ffe89fea55,bf195254-cb20-4f77-ad02-079a4953b37c,e1334fd0-d721-4bba-a614-8bc100368c91,4,2024-06-21
0ca990c5-34b1-49a7-8f6d-0bcc74d1e45e,f475dafe-fd20-416b-8ccf-695d9a4ee8c7,7d496f22-33e6-4285-9be2-321e8b0561b3,2,2024-07-10
d28ba79e-62a7-4bea-948a-afd0204c1b05,2927e5af-1e2b-4434-8cc5-2657835814bb,9e940818-e66b-4d16-be56-4e9cf23021cc,1,2024-08-01
96862ec7-ba61-4fe3-84c8-731fd44a4824,04d73616-2909-4663-83da-65b95b6b8278,b14c7039-87b4-4b3d-bf95-2cd040d690b2,4,2024-05-15
9b1f1a79-6a2f-4042-aea1-b2f00ea270dd,dad4fe4a-5931-456a-9c62-33ddafeb0522,32168aa7-19e9-43c6-985e-1ae1aed0047e,4,2024-03-18
6f461d52-15fd-403b-80f8-03df63c84fdb,560f6ba6-5006-4f2e-81a5-e859f9b611a7,10403f77-8bc1-497e-bba5-3c427329fe8c,2,2024-03-25
cdf80f09-694c-413f-9fb9-6dddbc46c274,dad4fe4a-5931-456a-9c62-33ddafeb0522,01dc60ef-7f44-41bd-b97d-3197c53631b5,2,2024-06-19
efbbb221-961b-4a4d-9c6b-70b4dffa1e3e,32df5bcb-da67-4a7c-b6e0-57504c104c12,e1334fd0-d721-4bba-a614-8bc100368c91,3,2024-03-19
b6da9420-1ee1-4c6b-a796-2c64840f4c6f,13d4b7fe-8447-4a9e-b131-b92af7a19a3c,d2727197-c8d4-48d9-9ecc-04f4c307a900,3,2024-06-10
36f61b54-0bac-48d1-a1c2-3bfd74941c2f,560f6ba6-5006-4f2e-81a5-e859f9b611a7,d6145ef1-8d21-40c6-8bcf-2010f160fc0d,5,2024-04-23
b4852274-c230-4873-be24-ed88e2f4b2d7,32df5bcb-da67-4a7c-b6e0-57504c104c12,46cd6a49-3e36-4b01-ac1a-6a33d63c7ed9,5,2024-07-10
6cf0bcb6-26ab-4dd5-8ad4-77b25c375eab,4a6be2b3-ab8e-4ebd-a00b-c9d814827735,01dc60ef-7f44-41bd-b97d-3197c53631b5,1,2024-04-20
3a297644-eb35-418b-b952-aae5a2b999a0,c80f7aa3-66d4-4edd-9dc8-951fa3005134,1b0b586b-894c-4ec9-9058-c9fcaeb43a25,5,2024-02-07
f19f56c8-1238-46e4-8639-69cfd0c468d6,c80f7aa3-66d4-4edd-9dc8-951fa3005134,b14c7039-87b4-4b3d-bf95-2cd040d690b2,1,2024-07-19
aa567041-d5fd-45b6-b881-ef0b29aabe98,7a0583df-eaef-4886-9bf8-9a1af548a72f,8cfee8d2-32b9-4c82-8b9c-8819bc0b252c,3,2024-08-29
568f3e34-c909-4d2d-aa6c-40d616700343,7cc80d12-00bc-4e2b-ab0e-6b406b6fbcb6,cca4542c-b127-4afc-aa37-7756b9d6e2a1,4,2024-05-09
14f39f37-4516-4822-b046-672e4d0182cc,587359d4-f971-4ef3-a2d0-c22546f54985,e759d593-0d6a-4264-9dd2-adfbb8939038,1,2024-04-14
870f07cb-a6be-405e-b441-61c8937142d2,dfa01824-146e-4d67-b9c4-d7d3db254ab9,63e8bbbb-5ad7-4d1d-b1c2-001a07b664f5,2,2024-04-22
1b913caf-fa13-4e8d-acf8-9ea538e04510,8691fdd1-4570-423b-8cf0-0ddce9a66995,b14c7039-87b4-4b3d-bf95-2cd040d690b2,4,2024-05-03
0f422e4c-0de3-4e0c-8dcf-eed0ab3fdf13,528df3bf-4eac-492b-a033-a4095a5595ad,af0e08fe-4b55-4ec0-9d66-43a588c97d5b,5,2024-06-16
54ed7130-0b1a-4e1e-8585-28606658fd2d,d2e260a2-c115-40db-b0f3-abfc0093e9cd,1332c032-a285-4997-b8f7-66ea41f5e4ba,2,2024-06-11
d63f5d7d-5821-4f2c-98e8-f8e5a3efb7dc,8a3cf6f7-9aa7-44ce-9134-5324e5ae1c12,8cfee8d2-32b9-4c82-8b9c-8819bc0b252c,1,2024-07-30
1937ec40-2f67-48a8-a6b3-812280cc06fc,f475dafe-fd20-416b-8ccf-695d9a4ee8c7,e1334fd0-d721-4bba-a614-8bc100368c91,5,2024-05-31
82c02f44-6149-4c7b-bb90-a8b3c2605729,d080222a-9cb2-404c-bc79-2a10784689b2,76cd3754-36f8-4e9e-bea4-063574cf6886,1,2024-02-23
5049924c-9d43-49aa-99b3-c8abf26e26c0,9362202f-cdef-46a8-be0d-537bc7f2e815,10403f77-8bc1-497e-bba5-3c427329fe8c,5,2024-08-22
aa0d1128-58e4-4d37-97d6-3255cacf8b67,38fe297b-47c7-4dd0-aeb6-4c276a2884ae,76cd3754-36f8-4e9e-bea4-063574cf6886,4,2024-04-05
0cc6b0f6-8432-4f65-9be5-f3374da823a0,1acbf754-80e7-47f8-b71f-705b661870e0,66578397-7334-4d70-a8ae-40938eb76a1a,3,2024-05-12
d9fd2038-b53d-4b47-93c6-95dc39391570,6131861e-5d82-4906-8f22-c176b23d3b36,04324795-cd89-44b0-84c1-83561e5df529,2,2024-01-24
21c0f1c2-c6b9-4929-999b-3507f97e9bf6,17372cee-b534-454c-a37d-9ea2648f3b17,76cd3754-36f8-4e9e-bea4-063574cf6886,4,2024-07-27
d4d29e6f-fd20-4839-8f08-aa6c61ca018e,594b9707-9366-45f9-9d29-205bdd2011df,7d496f22-33e6-4285-9be2-321e8b0561b3,2,2024-04-24
74ef8d35-6392-4330-9689-084911870dd6,178c67e8-6534-4590-bba1-1fccb01f685e,63e8bbbb-5ad7-4d1d-b1c2-001a07b664f5,3,2024-05-05
fd014a23-4c56-4b93-bd36-6a67495ad0dd,32df5bcb-da67-4a7c-b6e0-57504c104c12,1f3c80e6-fef1-49fe-9835-d7580973e77a,1,2024-06-12
2d11e3ef-99d3-413f-8916-cc234816b308,b5c506bb-b844-41b7-81a0-40fee3800a1d,f5f3f75b-138c-4171-8874-5ff40049cf17,2,2024-08-20
4beac7d1-6df5-441a-bfbc-ef305d0c7cd3,208b8ca6-f1b4-4c24-99fa-052cb5972cd8,a09b54cd-0abf-4d6a-9ef6-fc8c4c9f47ea,5,2024-03-06
9def8004-742f-4436-91e4-f9bfe476ebb2,62c37f25-9caa-449d-88e7-7fb9d153469b,cca4542c-b127-4afc-aa37-7756b9d6e2a1,4,2024-01-20
766de4ff-9792-4a56-b02c-75edf0438718,1de32790-4a2d-4bbd-8eca-3e79b74ab31a,4a883726-42ea-4c3f-bd57-db91378859bc,2,2024-02-14
dc12417b-ede0-4bde-abe6-60f43b7133e0,cbe5b40e-bf75-474a-b3e1-5f4a0ed12a64,cbed1241-eb4f-43e9-8d12-e3d9c7508bb2,2,2024-08-19
d88395d4-05a5-471f-a1ba-a93cbb76d6e3,bacb2132-c57c-475d-8d4c-8a88b913a807,43c60d20-7121-46a6-b548-f7be1780dcd8,3,2024-07-01
9e9c9a29-d2f1-4a8e-a286-daa969f21220,cbe5b40e-bf75-474a-b3e1-5f4a0ed12a64,76cd3754-36f8-4e9e-bea4-063574cf6886,5,2024-01-23
3cd65922-f2e2-4d28-95c1-630ffc28a7ca,4a6be2b3-ab8e-4ebd-a00b-c9d814827735,43c60d20-7121-46a6-b548-f7be1780dcd8,2,2024-06-12
db44df92-1a50-4017-bd28-ea4be977794c,594b9707-9366-45f9-9d29-205bdd2011df,10403f77-8bc1-497e-bba5-3c427329fe8c,2,2024-06-01
6a6a2996-46bd-4d78-9c29-1a7a7c9bce57,80d39f01-a26e-416d-bbd2-6d82e793b592,684a7ae3-274a-46f3-8ccd-185800498136,1,2024-08-08
04acf99e-701c-4ed8-a580-e6f8c1d1a483,5fa61352-782c-476b-8927-4c9e9f6411f1,a1fb103f-9a36-4626-851e-da5f53e42e6f,4,2024-04-22
dfb31586-8626-4887-8886-aeed4ae05db0,178c67e8-6534-4590-bba1-1fccb01f685e,d2727197-c8d4-48d9-9ecc-04f4c307a900,1,2024-08-01
efc86860-7dcd-4dca-b49e-4ca82d80b189,9338ed22-4a08-4962-a9e9-7bafc3c6a205,bd381ce1-0671-4d5b-a878-de28c508dffa,5,2024-05-16
a03c0e5e-6341-4ede-ada2-b7b41fd00904,ce8542b7-afa6-46a8-8ba8-8b6178b996d1,af301a41-4768-433f-a81b-9738fa59a5f2,4,2024-03-11
7ec1a6e3-2091-4264-a3c9-9336a55169e5,15061c6f-4e93-4e17-871e-2890f5a157d0,66578397-7334-4d70-a8ae-40938eb76a1a,2,2024-08-17
9a95d2a5-5e32-4618-8a40-450dbb006d8e,83b54a9c-c10d-4354-b1d6-b54f207c3751,d6145ef1-8d21-40c6-8bcf-2010f160fc0d,1,2024-01-12
a2d55a15-a27e-4094-894e-ec81b009357c,99821501-3d94-4c9e-98af-d16ce92f1d67,d2727197-c8d4-48d9-9ecc-04f4c307a900,1,2024-03-13
1886de41-1136-46c7-a8d9-e9b5e98e4788,370be351-6ec1-4d17-a190-929356466fd3,8cfee8d2-32b9-4c82-8b9c-8819bc0b252c,2,2024-01-08
37b61d29-4c7a-44e2-9344-c4dfd184cba8,d548fee1-840b-4ff8-9673-69273c301730,5dc59d01-0aa1-4061-929b-0d4c4342d5e7,5,2024-06-12
e6ae6c2a-8c92-4574-b2f1-0b5397789961,caa80d81-0f81-4066-bd2b-7bcdbc67c3e7,99c9e979-6fdf-4dd7-8df7-4342b36d1a89,5,2024-03-29
bfa64845-03a5-45c4-876c-0043fbfed640,c9ab6698-6062-4089-a9a9-2d6e9f97ce21,805c053f-4536-4742-9e05-9acf6f191c40,4,2024-04-17
a570feeb-bab7-46be-bd61-c31a16d9f9a6,812f3f6c-07e6-47c8-b15e-754a861fcbc4,c3170728-95ef-422f-8e5c-7f7b2479fdaa,5,2024-05-05
9753161f-df4a-4a1a-bd26-56a800802b7c,5bfb052d-11a4-4c75-b52e-c484e39fc654,c022d128-6319-4b1f-be70-eaebf527ff42,3,2024-04-16
7f21acd5-b3dc-4850-9a97-256ccebfb7d6,99821501-3d94-4c9e-98af-d16ce92f1d67,4a883726-42ea-4c3f-bd57-db91378859bc,5,2024-01-30
a0488b93-17b8-44ef-9afc-f4ede7145749,9362202f-cdef-46a8-be0d-537bc7f2e815,e759d593-0d6a-4264-9dd2-adfbb8939038,4,2024-03-06
f1b945ed-1c5f-46c0-8667-f15b2e8ee025,6131861e-5d82-4906-8f22-c176b23d3b36,4a883726-42ea-4c3f-bd57-db91378859bc,2,2024-03-28
21d31250-70fc-473d-9c68-e3c4ab42f611,3e2e4fde-4cca-4da4-adcc-31620b2c5dae,cbed1241-eb4f-43e9-8d12-e3d9c7508bb2,4,2024-01-23
2bb250af-3ce7-4468-85f2-c1e9bfea605d,c80f7aa3-66d4-4edd-9dc8-951fa3005134,89658e79-a140-4889-86d9-6a012ac19212,2,2024-07-29
9ba648d6-cd7c-43d9-92b1-809933220879,018b725c-c6db-4ae5-a0cf-7b5d858c382a,deb51472-996a-42b1-96e5-6a72ba78e2ab,5,2024-02-18
a1319f2c-de07-4f74-abf7-35846f24206f,e989598e-4010-4e04-aa09-1a2ecb3e5b01,7e18ca93-a3b9-462e-bbbc-14ed5d533b3e,2,2024-02-14
eeacf090-7fd1-4eef-a464-1d7bfe996d62,16420d0c-2e7e-4a4d-8e9c-304113aa06c0,4a883726-42ea-4c3f-bd57-db91378859bc,1,2024-04-30
8e3bcf36-c7f8-4624-9999-6f4c22c821d6,5fc5ebc7-5713-42a2-a1e6-be8a83758e41,f5f3f75b-138c-4171-8874-5ff40049cf17,2,2024-03-21
b6e66cb3-04eb-4030-b4cf-e42e0ba89b09,2927e5af-1e2b-4434-8cc5-2657835814bb,e1334fd0-d721-4bba-a614-8bc100368c91,3,2024-02-23
97a51207-5e28-4e61-8cc7-8e9ca01376a2,c3d5bcc1-ae0f-43ee-8c64-d1ba7e9f9c98,43c60d20-7121-46a6-b548-f7be1780dcd8,2,2024-01-31
6e9a5f66-7f1f-4e40-adee-7767a538541d,d9e346de-d217-4e69-9b13-bd992063994d,6a461f4a-1181-42ed-a3d2-93e2aecdb709,4,2024-03-08
870e0627-b981-496c-a600-7d62fce0a895,165a8d03-8234-443e-94ca-2f309fa27fe8,684a7ae3-274a-46f3-8ccd-185800498136,2,2024-03-07
e3db96f9-bc92-4461-be08-bc1ce1d6d75b,13d4b7fe-8447-4a9e-b131-b92af7a19a3c,bd381ce1-0671-4d5b-a878-de28c508dffa,4,2024-03-23
9a4f865e-aa14-44e5-8364-dcbca5254825,4a6be2b3-ab8e-4ebd-a00b-c9d814827735,c487dc5c-fcd3-49fc-b7d9-c8d811d692f5,4,2024-08-01
ee4f8c47-bfaf-4066-82a6-dfdc7d935bfa,17372cee-b534-454c-a37d-9ea2648f3b17,99c9e979-6fdf-4dd7-8df7-4342b36d1a89,2,2024-08-27
1ffd7d46-b8bc-45c4-9d06-d27800a38509,17372cee-b534-454c-a37d-9ea2648f3b17,7adf5937-657c-43c1-916f-5f52da717fac,5,2024-07-03
146039f4-4e35-455c-9012-8a724e1549b0,e9dda49f-5915-4553-9a40-45c24a471f06,01dc60ef-7f44-41bd-b97d-3197c53631b5,5,2024-08-26
4057b8ae-58c1-42e1-9d2e-8d46a46e88ff,04d73616-2909-4663-83da-65b95b6b8278,cbed1241-eb4f-43e9-8d12-e3d9c7508bb2,1,2024-07-13
c72b2ae5-b14f-4f72-a47a-b05274ed83b5,c3167941-3184-4e90-89db-3fcbb9cd4c9c,10403f77-8bc1-497e-bba5-3c427329fe8c,4,2024-02-20
f0522e7a-1c57-4fc8-9104-e7e6517c364e,17372cee-b534-454c-a37d-9ea2648f3b17,c487dc5c-fcd3-49fc-b7d9-c8d811d692f5,5,2024-03-03
c843ce12-c1fa-4a70-9351-855d34427f5b,587359d4-f971-4ef3-a2d0-c22546f54985,6a461f4a-1181-42ed-a3d2-93e2aecdb709,4,2024-04-16
2f6fe87d-8646-4d16-8b0e-d1908b199af5,dad4fe4a-5931-456a-9c62-33ddafeb0522,deb51472-996a-42b1-96e5-6a72ba78e2ab,4,2024-08-12
fdeee8b2-6f35-43ce-86eb-d1d66043fc59,e989598e-4010-4e04-aa09-1a2ecb3e5b01,01dc60ef-7f44-41bd-b97d-3197c53631b5,4,2024-07-12
1d4d51d5-2971-477b-96fe-70c9cad277a7,79df26ac-d86b-4287-bb4d-08fb3168542d,76cd3754-36f8-4e9e-bea4-063574cf6886,4,2024-03-06
d8ea8002-b697-48ef-9129-c9e64eee703c,9362202f-cdef-46a8-be0d-537bc7f2e815,9e940818-e66b-4d16-be56-4e9cf23021cc,4,2024-07-30
b858d0fe-e5b9-44f2-9de0-0dba54de8c14,9fc2416e-df4f-4e83-ae28-6eb6e1130928,9b5b30a0-514e-41e5-aca7-201c742d7ad6,5,2024-08-07
a7b2ffc2-a94d-4f7c-b87f-f2c407b0b026,85ad16e9-2b50-40d8-aa69-19ebdeb076e4,66578397-7334-4d70-a8ae-40938eb76a1a,5,2024-01-29
5f52e1e6-097f-4917-86dd-960c4fce9361,7c3fd0c3-9f31-4410-8fa8-0fce2ff1a5a4,76cd3754-36f8-4e9e-bea4-063574cf6886,1,2024-07-22
52f93682-b858-4b3e-93ef-f5b016f5e2d2,52d0e1b5-27ee-4eb3-bde6-8182a471ec5d,d6145ef1-8d21-40c6-8bcf-2010f160fc0d,4,2024-05-15
12c7c3ab-9205-4b66-a8d3-620d37e1012e,812f3f6c-07e6-47c8-b15e-754a861fcbc4,c3170728-95ef-422f-8e5c-7f7b2479fdaa,2,2024-05-15
0dc7957d-cae3-4b75-9021-b6e39ccc6349,88ab6c4b-ac65-4ce2-8613-2c0374e8e45c,508ea1d5-daf0-4572-90bc-48f9931eca53,4,2024-02-07
1e29faee-a094-45af-acf7-1076cbee5c2c,1acbf754-80e7-47f8-b71f-705b661870e0,9e516857-5020-45be-8677-597770444957,4,2024-03-10
7ec47d1d-8eaa-43f6-ba9e-b07a38efd586,1acbf754-80e7-47f8-b71f-705b661870e0,e1334fd0-d721-4bba-a614-8bc100368c91,4,2024-06-01
3011422e-ae03-4bc5-ae69-57e298c30d6f,16420d0c-2e7e-4a4d-8e9c-304113aa06c0,89658e79-a140-4889-86d9-6a012ac19212,4,2024-01-01
a7e5ed68-9d8b-49f0-8e29-a2b56b5a2d58,8691fdd1-4570-423b-8cf0-0ddce9a66995,43c60d20-7121-46a6-b548-f7be1780dcd8,4,2024-05-11
06268d75-e0e2-4c5d-9cab-2edeafe3cd74,087eee97-7af2-4d0a-a4d6-042b4551a767,7d496f22-33e6-4285-9be2-321e8b0561b3,5,2024-04-01
a8f9295b-1eca-45c4-927f-6d2846376c14,88ab6c4b-ac65-4ce2-8613-2c0374e8e45c,4bd89363-4272-4c90-86b0-e4aec0645fae,2,2024-04-09
f8ffbd2a-6ac7-431b-9861-933205ca28c5,62c37f25-9caa-449d-88e7-7fb9d153469b,1a0419fa-6e90-4b16-8db5-069c2b752261,1,2024-01-21
e68f544d-20d5-40f6-a962-309dfbc516f6,99821501-3d94-4c9e-98af-d16ce92f1d67,01dc60ef-7f44-41bd-b97d-3197c53631b5,2,2024-07-17
97651a34-08b7-40d8-8046-548e563dea08,80d39f01-a26e-416d-bbd2-6d82e793b592,01dc60ef-7f44-41bd-b97d-3197c53631b5,5,2024-01-02
36216a13-c64b-4fbb-9609-510586287f7f,d9e346de-d217-4e69-9b13-bd992063994d,a1fb103f-9a36-4626-851e-da5f53e42e6f,2,2024-06-16
3f4d53a4-bf36-4e14-b085-f46a3f04e4c6,9114376b-f70b-4724-8b50-32430641b8bc,76cd3754-36f8-4e9e-bea4-063574cf6886,1,2024-06-27
287ceaa4-949e-43b5-b908-3907064444be,7c3fd0c3-9f31-4410-8fa8-0fce2ff1a5a4,9e516857-5020-45be-8677-597770444957,4,2024-04-10
ec6e077d-4849-4ef5-9ae4-64c232790851,e9dda49f-5915-4553-9a40-45c24a471f06,508ea1d5-daf0-4572-90bc-48f9931eca53,3,2024-01-12
a4e07bb4-0216-4778-80af-080d4b0dab3a,11079ce9-d6d1-4c1f-a7e2-677d3faeb608,c022d128-6319-4b1f-be70-eaebf527ff42,5,2024-02-22
9cd5e810-dfa4-48d0-84b7-c0e4d94cd74e,3e2e4fde-4cca-4da4-adcc-31620b2c5dae,af301a41-4768-433f-a81b-9738fa59a5f2,1,2024-04-01
93073a59-d669-44b8-a10f-c2ccd07c016a,370be351-6ec1-4d17-a190-929356466fd3,9e940818-e66b-4d16-be56-4e9cf23021cc,3,2024-04-23
64d9dcb1-9016-411f-acfc-724f8e965c41,658fb1eb-d5f5-4d95-bb78-3b93b268f565,a09b54cd-0abf-4d6a-9ef6-fc8c4c9f47ea,1,2024-08-24
c308330d-3f33-4a6c-9649-c786af66e466,38fe297b-47c7-4dd0-aeb6-4c276a2884ae,63e8bbbb-5ad7-4d1d-b1c2-001a07b664f5,4,2024-08-16
24d7886e-9a87-430a-bd58-742529e36ee7,f2433fa9-4bd4-4274-acf5-27f7c2a97a62,af301a41-4768-433f-a81b-9738fa59a5f2,2,2024-07-12
36b43698-7eaa-471f-abdf-07c302777595,58838810-6842-4262-876d-b5bfad554db3,a09b54cd-0abf-4d6a-9ef6-fc8c4c9f47ea,2,2024-04-20
b9808e34-5033-4adf-b166-9af70b276a59,658fb1eb-d5f5-4d95-bb78-3b93b268f565,5dc59d01-0aa1-4061-929b-0d4c4342d5e7,3,2024-02-03
853082cb-3263-4062-b78c-aefeca2be915,d2e260a2-c115-40db-b0f3-abfc0093e9cd,c022d128-6319-4b1f-be70-eaebf527ff42,1,2024-02-02
21c2d00e-0f63-48d1-878a-c6987a0d9ffc,7c3fd0c3-9f31-4410-8fa8-0fce2ff1a5a4,b14c7039-87b4-4b3d-bf95-2cd040d690b2,3,2024-01-21
a058b566-be5d-475a-9ab5-819d60f40f3e,841a2055-daf6-4d1c-9ec6-5f45a1dabf88,8cfee8d2-32b9-4c82-8b9c-8819bc0b252c,3,2024-04-11
e2640496-d187-4c42-9f3f-8cb9ebd4fa72,13d4b7fe-8447-4a9e-b131-b92af7a19a3c,e759d593-0d6a-4264-9dd2-adfbb8939038,3,2024-07-31
d3de65e5-288b-468a-af21-f3a7efab03d1,d23b1330-6e89-4b4f-ba3e-64f0a3891fa5,bd381ce1-0671-4d5b-a878-de28c508dffa,4,2024-03-17
a321424b-f9d3-4621-865b-1991521184a3,658fb1eb-d5f5-4d95-bb78-3b93b268f565,8cfee8d2-32b9-4c82-8b9c-8819bc0b252c,3,2024-06-11
a9ed5e70-4748-4583-9e45-1b1f275311d8,018b725c-c6db-4ae5-a0cf-7b5d858c382a,c3170728-95ef-422f-8e5c-7f7b2479fdaa,2,2024-06-01
90b7a86e-b338-4b41-8ce7-78d17c8e880f,208b8ca6-f1b4-4c24-99fa-052cb5972cd8,1b0b586b-894c-4ec9-9058-c9fcaeb43a25,5,2024-03-11
6516a933-8846-4ae2-9806-f837ec0b8cb5,62c37f25-9caa-449d-88e7-7fb9d153469b,deb51472-996a-42b1-96e5-6a72ba78e2ab,5,2024-01-06
398bae10-6f9d-45c2-9b7e-6653052bc114,841a2055-daf6-4d1c-9ec6-5f45a1dabf88,d2727197-c8d4-48d9-9ecc-04f4c307a900,4,2024-04-21
fbf1338e-9ec3-4b17-8e3f-052bfb33fc6e,caa80d81-0f81-4066-bd2b-7bcdbc67c3e7,8cfee8d2-32b9-4c82-8b9c-8819bc0b252c,5,2024-04-30
b08b204d-eb95-4dca-8609-e4485bcaa536,2927e5af-1e2b-4434-8cc5-2657835814bb,cca4542c-b127-4afc-aa37-7756b9d6e2a1,2,2024-01-12
a1367ba4-69dd-4646-9916-8ee0a6a88468,771000e3-d261-4194-b1c1-8a941b0c70c5,deb51472-996a-42b1-96e5-6a72ba78e2ab,4,2024-02-21
a2529679-92f4-4c6f-97cd-f333a2f808b4,c9ab6698-6062-4089-a9a9-2d6e9f97ce21,89658e79-a140-4889-86d9-6a012ac19212,4,2024-06-30
4da298f3-4674-4ea8-9133-2eea61af4d75,7c3fd0c3-9f31-4410-8fa8-0fce2ff1a5a4,9b5b30a0-514e-41e5-aca7-201c742d7ad6,4,2024-08-27
5e6ec5bb-96b3-43e9-9f6d-0b82278b0165,79df26ac-d86b-4287-bb4d-08fb3168542d,01dc60ef-7f44-41bd-b97d-3197c53631b5,4,2024-07-19
e140c4e7-02de-4ea2-965f-2d9a6ee29eb5,1acbf754-80e7-47f8-b71f-705b661870e0,1b0b586b-894c-4ec9-9058-c9fcaeb43a25,4,2024-01-23
cbb29aec-f0bc-4a1d-8a98-7e0ab9bbd86b,b3e38c97-fb33-4ef4-aab5-bd2741615dc0,4bd89363-4272-4c90-86b0-e4aec0645fae,3,2024-04-18
c6d972cc-a614-41d1-a6ca-1b18c48f2487,79df26ac-d86b-4287-bb4d-08fb3168542d,deb51472-996a-42b1-96e5-6a72ba78e2ab,5,2024-07-24
b7510868-810e-43de-b6b3-b5505367397d,e9dda49f-5915-4553-9a40-45c24a471f06,deb51472-996a-42b1-96e5-6a72ba78e2ab,5,2024-01-16
4a35a209-4d96-40cf-bcfd-9ccb9a98c6a8,d23b1330-6e89-4b4f-ba3e-64f0a3891fa5,af0e08fe-4b55-4ec0-9d66-43a588c97d5b,2,2024-07-07
4b46d483-e3cb-4bf6-a571-8a0b93a9af75,52d0e1b5-27ee-4eb3-bde6-8182a471ec5d,a1fb103f-9a36-4626-851e-da5f53e42e6f,4,2024-02-18
7ede2b09-f178-4ea4-881f-0ace24392005,e989598e-4010-4e04-aa09-1a2ecb3e5b01,1f3c80e6-fef1-49fe-9835-d7580973e77a,2,2024-01-27
2cb81e83-bae6-4849-908c-f9b5176f4115,165a8d03-8234-443e-94ca-2f309fa27fe8,cbed1241-eb4f-43e9-8d12-e3d9c7508bb2,4,2024-07-29
24000b2d-4fe4-414e-9543-1b4c6f70025c,95e705af-1b0e-4e0a-a6a6-95206a9f9cd4,01dc60ef-7f44-41bd-b97d-3197c53631b5,1,2024-01-23
7c5738fa-98f1-4de7-ab65-8b633e16a734,9be5d404-15ed-4e42-b333-b884ae055560,6a461f4a-1181-42ed-a3d2-93e2aecdb709,4,2024-02-26
dcbe99a9-009b-421a-8e61-434413449e4e,165a8d03-8234-443e-94ca-2f309fa27fe8,a1fb103f-9a36-4626-851e-da5f53e42e6f,3,2024-02-15
3d618662-0705-4a00-a124-0ef75705eb27,bacb2132-c57c-475d-8d4c-8a88b913a807,a09b54cd-0abf-4d6a-9ef6-fc8c4c9f47ea,3,2024-06-10
9fd64236-0e77-4bbe-9f25-e4245663ccfb,9114376b-f70b-4724-8b50-32430641b8bc,1f3c80e6-fef1-49fe-9835-d7580973e77a,5,2024-04-05
d8315f3a-b844-4e61-916d-965289ea8692,560f6ba6-5006-4f2e-81a5-e859f9b611a7,8cfee8d2-32b9-4c82-8b9c-8819bc0b252c,5,2024-08-07
0fa3b810-2dbb-435f-9bff-e0b7fcca61ea,4a6be2b3-ab8e-4ebd-a00b-c9d814827735,4bd89363-4272-4c90-86b0-e4aec0645fae,4,2024-02-15
98a06105-0fdc-47bf-95eb-5eea2d042866,2927e5af-1e2b-4434-8cc5-2657835814bb,10403f77-8bc1-497e-bba5-3c427329fe8c,3,2024-03-11
5edc34f3-2e0f-4c78-bf42-25547622608e,1a64663b-e5cd-421c-9913-bfd58dde9ac6,805c053f-4536-4742-9e05-9acf6f191c40,2,2024-05-26
109039f6-0e5b-4ae3-b8e3-f1d7b358ebf0,d080222a-9cb2-404c-bc79-2a10784689b2,805c053f-4536-4742-9e05-9acf6f191c40,5,2024-04-04
58da8dc6-470f-4f68-b26f-ab5f435c7829,5d31c3c3-5521-496a-8f0f-dd71b27a580a,5dc59d01-0aa1-4061-929b-0d4c4342d5e7,2,2024-01-27
236eb3bc-db10-43a4-8326-8752319803cd,ce8542b7-afa6-46a8-8ba8-8b6178b996d1,9e516857-5020-45be-8677-597770444957,4,2024-05-27
29b00413-abe5-46a8-a88e-2f2eda5d5198,16420d0c-2e7e-4a4d-8e9c-304113aa06c0,1332c032-a285-4997-b8f7-66ea41f5e4ba,5,2024-07-03
d4fd0e73-1530-4dbd-8896-f91db01994ac,5d31c3c3-5521-496a-8f0f-dd71b27a580a,af0e08fe-4b55-4ec0-9d66-43a588c97d5b,5,2024-02-06
2fd8ec9a-c3ac-4e10-9892-c1da1d5e0f1e,7168add0-e400-473d-aac0-978428f8124b,4a5140fa-0fc2-417a-ba2b-8a29076b4772,2,2024-04-22
dcb29e61-f43f-4bbe-955e-d18917dd86bc,9be5d404-15ed-4e42-b333-b884ae055560,6a461f4a-1181-42ed-a3d2-93e2aecdb709,3,2024-03-08
eccc21a3-b580-494d-9d8e-07683c7f4d15,d548fee1-840b-4ff8-9673-69273c301730,10403f77-8bc1-497e-bba5-3c427329fe8c,1,2024-05-03
ac41dbf0-390c-4bb4-b996-aa7d31384302,ed110c9e-3231-4b3e-b08a-af8597f2ccd7,c487dc5c-fcd3-49fc-b7d9-c8d811d692f5,2,2024-03-25
d516a58f-4dad-4d48-8381-812d40f4e58f,16420d0c-2e7e-4a4d-8e9c-304113aa06c0,b14c7039-87b4-4b3d-bf95-2cd040d690b2,1,2024-06-01
8356c1c5-8b1b-4d7a-a8a8-825d46d2b52e,6131861e-5d82-4906-8f22-c176b23d3b36,f5f3f75b-138c-4171-8874-5ff40049cf17,2,2024-04-20
3b694d84-5da8-498d-8499-a49bf011984b,018b725c-c6db-4ae5-a0cf-7b5d858c382a,89658e79-a140-4889-86d9-6a012ac19212,4,2024-02-11
333eb24a-1fdc-4a77-86e6-371ed780c252,658fb1eb-d5f5-4d95-bb78-3b93b268f565,00e529d1-96fe-4b9b-b7a2-d52c7dc519d4,5,2024-01-23
e4fd2229-8ff0-4666-91c5-3294659c96b1,7168add0-e400-473d-aac0-978428f8124b,cbed1241-eb4f-43e9-8d12-e3d9c7508bb2,4,2024-02-08
9576a3a6-2a93-4279-8938-26edfda422d9,1de32790-4a2d-4bbd-8eca-3e79b74ab31a,e1334fd0-d721-4bba-a614-8bc100368c91,2,2024-03-11
74b2c6b9-2549-4d66-8cd9-1709e450b968,88ab6c4b-ac65-4ce2-8613-2c0374e8e45c,508ea1d5-daf0-4572-90bc-48f9931eca53,4,2024-01-02
3840b348-1042-4d96-9f64-4eb764c7011c,f12be5f9-c55b-4e65-9253-835c7226f10e,1a0419fa-6e90-4b16-8db5-069c2b752261,4,2024-01-16
f88b5ec7-e943-4ba5-bfb3-a0bb828e8e20,e989598e-4010-4e04-aa09-1a2ecb3e5b01,1a0419fa-6e90-4b16-8db5-069c2b752261,5,2024-05-18
2ee66d3a-7c9a-4a03-9488-a3b019f53f07,a14df0a3-1548-4bf6-8ffe-f766e74ae709,46cd6a49-3e36-4b01-ac1a-6a33d63c7ed9,1,2024-07-17
ecf75857-5516-42f7-88e2-e326972b1df0,d9e346de-d217-4e69-9b13-bd992063994d,684a7ae3-274a-46f3-8ccd-185800498136,5,2024-05-04
a3bdcc02-0b02-4c7e-b3fd-1ed478c1830f,b5c506bb-b844-41b7-81a0-40fee3800a1d,43c60d20-7121-46a6-b548-f7be1780dcd8,2,2024-04-14
e68a158f-3999-4a2c-a315-862f8f50d144,d00355d0-ae64-419e-9654-98a231e79f22,1f3c80e6-fef1-49fe-9835-d7580973e77a,4,2024-03-10
e7d84038-1e52-4ca7-89a0-63ae7bcafee1,587359d4-f971-4ef3-a2d0-c22546f54985,c022d128-6319-4b1f-be70-eaebf527ff42,5,2024-07-15
b1ab2750-f164-4e5e-8d45-1574092c96ae,dad4fe4a-5931-456a-9c62-33ddafeb0522,d2727197-c8d4-48d9-9ecc-04f4c307a900,5,2024-03-20
cbf5ae87-e10f-42d1-9499-9068f5e49b95,04d73616-2909-4663-83da-65b95b6b8278,4a883726-42ea-4c3f-bd57-db91378859bc,4,2024-05-07
54eaaac4-be0e-494f-b342-25b0e1123efb,b5c506bb-b844-41b7-81a0-40fee3800a1d,a09b54cd-0abf-4d6a-9ef6-fc8c4c9f47ea,4,2024-05-16
bb27d8c0-29e2-4e6c-b338-25e421414ba5,38fe297b-47c7-4dd0-aeb6-4c276a2884ae,63e8bbbb-5ad7-4d1d-b1c2-001a07b664f5,5,2024-03-13
4084e421-9416-45d1-9dae-1b5cdd554482,c1ec1d52-4c2e-4115-b845-263d7b651b5e,9b5b30a0-514e-41e5-aca7-201c742d7ad6,1,2024-06-14
e9a62414-cc05-43ef-b087-d94dd36987c4,5d31c3c3-5521-496a-8f0f-dd71b27a580a,9e516857-5020-45be-8677-597770444957,2,2024-05-15
93297848-7272-4f61-8aec-27cf2e288034,c80f7aa3-66d4-4edd-9dc8-951fa3005134,76cd3754-36f8-4e9e-bea4-063574cf6886,1,2024-07-01
1ad234ef-5562-460b-b0b2-f8c72f4ad6a5,67e3f5b2-793b-4c52-b62b-eefe6acb24a2,a1fb103f-9a36-4626-851e-da5f53e42e6f,2,2024-07-12
57250da6-bf38-4f26-90d0-4e99a196ac85,6131861e-5d82-4906-8f22-c176b23d3b36,1a0419fa-6e90-4b16-8db5-069c2b752261,2,2024-02-16
43806201-4e7d-4010-8622-6a7e6e1e3d1c,528df3bf-4eac-492b-a033-a4095a5595ad,bd381ce1-0671-4d5b-a878-de28c508dffa,4,2024-05-02
b888a452-5848-4ff9-9ff8-1f96e0bc67f0,165a8d03-8234-443e-94ca-2f309fa27fe8,c022d128-6319-4b1f-be70-eaebf527ff42,4,2024-05-25
922f05fa-fe18-4ce2-95b2-c523caa619a8,9be5d404-15ed-4e42-b333-b884ae055560,b14c7039-87b4-4b3d-bf95-2cd040d690b2,2,2024-03-17
9acedfe6-4e51-4a15-93f8-4a2c588131d7,7168add0-e400-473d-aac0-978428f8124b,af301a41-4768-433f-a81b-9738fa59a5f2,3,2024-05-18
047345bf-3960-461a-9c79-c03068b7f6cf,e9dda49f-5915-4553-9a40-45c24a471f06,c3170728-95ef-422f-8e5c-7f7b2479fdaa,1,2024-08-11
81973fd0-0acf-478d-811a-e48caf87a0c8,d2e260a2-c115-40db-b0f3-abfc0093e9cd,6a461f4a-1181-42ed-a3d2-93e2aecdb709,3,2024-08-29
43978338-ff36-4894-9103-674a108a9bc4,a14df0a3-1548-4bf6-8ffe-f766e74ae709,a09b54cd-0abf-4d6a-9ef6-fc8c4c9f47ea,2,2024-06-20
f35eb34e-a512-4ece-b82e-02c5733d9daf,6ee23c24-f2d3-4b11-b3dc-a93a7cb7cef5,805c053f-4536-4742-9e05-9acf6f191c40,5,2024-08-27
3b987261-231c-433c-9a5d-8151261976f4,dad4fe4a-5931-456a-9c62-33ddafeb0522,d6145ef1-8d21-40c6-8bcf-2010f160fc0d,2,2024-05-22
5d67669b-8c69-4a88-8e7b-3d759b95c19a,2927e5af-1e2b-4434-8cc5-2657835814bb,684a7ae3-274a-46f3-8ccd-185800498136,1,2024-06-27
7e7a052f-73d1-4719-a851-4b11338bb00b,c1ec1d52-4c2e-4115-b845-263d7b651b5e,9e940818-e66b-4d16-be56-4e9cf23021cc,3,2024-07-22
64b19bbc-6bac-4059-91c7-bbc66fc41c49,7a0583df-eaef-4886-9bf8-9a1af548a72f,7d496f22-33e6-4285-9be2-321e8b0561b3,5,2024-02-25
16b0e1e2-c2d9-4a03-af84-0cbe2d2863f9,7168add0-e400-473d-aac0-978428f8124b,4a883726-42ea-4c3f-bd57-db91378859bc,1,2024-01-04
4916233f-3d42-4cac-a1de-15625feebc64,caa80d81-0f81-4066-bd2b-7bcdbc67c3e7,5dc59d01-0aa1-4061-929b-0d4c4342d5e7,3,2024-07-28
18d29f53-bbb3-4fcf-a55f-3753994e9015,e9dda49f-5915-4553-9a40-45c24a471f06,66578397-7334-4d70-a8ae-40938eb76a1a,3,2024-07-25
71d0e56f-66b4-4aa7-a678-080b6c4d6d2f,b32b64f9-537c-4b99-97d9-dd6f40e87bfd,c487dc5c-fcd3-49fc-b7d9-c8d811d692f5,4,2024-06-27
27fcea16-1048-4d86-b451-3e947a8524fe,1de32790-4a2d-4bbd-8eca-3e79b74ab31a,43c60d20-7121-46a6-b548-f7be1780dcd8,5,2024-07-12
f89708ca-c409-474b-917c-c75c9601ffd9,5fa61352-782c-476b-8927-4c9e9f6411f1,8cfee8d2-32b9-4c82-8b9c-8819bc0b252c,3,2024-07-19
5b3b69bf-e0ef-4972-9274-4e0fbea1ac16,587359d4-f971-4ef3-a2d0-c22546f54985,508ea1d5-daf0-4572-90bc-48f9931eca53,1,2024-03-07
fa7eb2aa-c99c-44a8-8bde-b890f581327c,771000e3-d261-4194-b1c1-8a941b0c70c5,6a461f4a-1181-42ed-a3d2-93e2aecdb709,5,2024-03-11
84c65501-e34f-4436-9c8d-b0ed7176a22f,7d4c7f81-7bbc-43c1-9537-5ec4e63b9e41,01dc60ef-7f44-41bd-b97d-3197c53631b5,3,2024-06-02
b0547989-5936-4019-8293-0c987da34795,21088e51-1f5c-4501-91b9-05e5395c19c5,b14c7039-87b4-4b3d-bf95-2cd040d690b2,2,2024-06-20
19b96db2-58ae-4c50-a66e-96fbaa272024,9114376b-f70b-4724-8b50-32430641b8bc,af0e08fe-4b55-4ec0-9d66-43a588c97d5b,4,2024-07-07
15b83b06-2cb6-4206-a514-e085eb90b90e,16420d0c-2e7e-4a4d-8e9c-304113aa06c0,1b0b586b-894c-4ec9-9058-c9fcaeb43a25,5,2024-07-21
75cf771a-5f14-48a9-87fe-82625eaaaa9d,208b8ca6-f1b4-4c24-99fa-052cb5972cd8,7e18ca93-a3b9-462e-bbbc-14ed5d533b3e,4,2024-04-25
245e540f-59c2-44eb-ad10-67a96aefa8c9,771000e3-d261-4194-b1c1-8a941b0c70c5,cbed1241-eb4f-43e9-8d12-e3d9c7508bb2,3,2024-01-24
5b455d50-ba24-4bc9-abb5-62249c4bb44c,861891e1-2e39-45f8-bb82-be3502f57848,e1334fd0-d721-4bba-a614-8bc100368c91,3,2024-02-18
000280df-0c1e-4b00-830e-c6de6456dd68,f475dafe-fd20-416b-8ccf-695d9a4ee8c7,4a5140fa-0fc2-417a-ba2b-8a29076b4772,2,2024-03-21
1b43922b-535e-402e-8bb5-657e480cf5e0,4a6be2b3-ab8e-4ebd-a00b-c9d814827735,bd381ce1-0671-4d5b-a878-de28c508dffa,4,2024-04-07
9b68e30d-33e9-4af6-ba61-65677121dd99,7168add0-e400-473d-aac0-978428f8124b,76cd3754-36f8-4e9e-bea4-063574cf6886,4,2024-02-20
724fa922-d3ea-42f1-8c61-9f35ab82f32e,5d31c3c3-5521-496a-8f0f-dd71b27a580a,1f3c80e6-fef1-49fe-9835-d7580973e77a,1,2024-04-01
7f54a753-98a9-440b-a5e6-8d432120c69f,9338ed22-4a08-4962-a9e9-7bafc3c6a205,43c60d20-7121-46a6-b548-f7be1780dcd8,3,2024-04-10
615654bc-14d3-49c4-9493-0ee7dd5b26d2,8691fdd1-4570-423b-8cf0-0ddce9a66995,cca4542c-b127-4afc-aa37-7756b9d6e2a1,1,2024-02-06
e2eefdab-0b08-4bf1-a3ec-f92b520bc216,3e531b6f-12b9-47fc-be11-49b10275bbd1,66578397-7334-4d70-a8ae-40938eb76a1a,5,2024-07-26
30e80f37-c92e-4882-bcd3-8080ede1afdc,528df3bf-4eac-492b-a033-a4095a5595ad,76cd3754-36f8-4e9e-bea4-063574cf6886,5,2024-04-11
a1733e00-8b88-4b22-9441-5aeb4eddcdee,caa80d81-0f81-4066-bd2b-7bcdbc67c3e7,bd381ce1-0671-4d5b-a878-de28c508dffa,1,2024-03-12
6ae6b866-8f43-4339-a940-97fe0f9192a8,ce8542b7-afa6-46a8-8ba8-8b6178b996d1,af0e08fe-4b55-4ec0-9d66-43a588c97d5b,3,2024-02-24
f6548b3b-9c78-451b-8ad8-9b625403b63a,3638c9f5-ff50-4457-9ce3-046507d1a225,89658e79-a140-4889-86d9-6a012ac19212,4,2024-07-06
e2db2ac1-8f89-42f7-9770-5b084cce2965,a14df0a3-1548-4bf6-8ffe-f766e74ae709,4a883726-42ea-4c3f-bd57-db91378859bc,1,2024-07-23
46e1e2ea-aa95-49f0-a575-90f8967435b4,d6b70054-7d30-4d62-b5bb-f57c24823bf6,deb51472-996a-42b1-96e5-6a72ba78e2ab,5,2024-02-01
943304aa-fd9f-4742-a97f-db5891560d2f,9fc2416e-df4f-4e83-ae28-6eb6e1130928,f5f3f75b-138c-4171-8874-5ff40049cf17,4,2024-03-22
c361868e-f3d8-4f8a-b371-52f264b53811,e9dda49f-5915-4553-9a40-45c24a471f06,0551ef25-0bd4-4d9c-ad14-2d3a48d42e20,1,2024-06-22
71c25e73-8c91-483f-b8e0-4944cc7880c2,85ad16e9-2b50-40d8-aa69-19ebdeb076e4,7e18ca93-a3b9-462e-bbbc-14ed5d533b3e,5,2024-02-09
d215f0f7-2de2-4e90-8725-9c2058e55a10,36661ee8-1ede-4149-9845-cbc7e723f2d2,af301a41-4768-433f-a81b-9738fa59a5f2,2,2024-04-07
eeffff90-1ffb-4d0d-8299-b0078da2f8d1,38fe297b-47c7-4dd0-aeb6-4c276a2884ae,1f3c80e6-fef1-49fe-9835-d7580973e77a,1,2024-08-06
f5403194-21db-4a05-9a43-4b7aeae0cf89,6131861e-5d82-4906-8f22-c176b23d3b36,bd381ce1-0671-4d5b-a878-de28c508dffa,1,2024-01-13
5600e95a-1fc3-4079-915e-2f2dd0514cf3,dad4fe4a-5931-456a-9c62-33ddafeb0522,805c053f-4536-4742-9e05-9acf6f191c40,4,2024-03-06
09bfd057-8043-4669-b7b5-521229fbf762,d00355d0-ae64-419e-9654-98a231e79f22,d6145ef1-8d21-40c6-8bcf-2010f160fc0d,2,2024-03-11
c6745529-c00d-4970-98bf-9a11df45d2e2,15061c6f-4e93-4e17-871e-2890f5a157d0,af301a41-4768-433f-a81b-9738fa59a5f2,3,2024-02-02
baef250d-2489-41bc-aa84-fa9edbe859c6,cbe5b40e-bf75-474a-b3e1-5f4a0ed12a64,af301a41-4768-433f-a81b-9738fa59a5f2,3,2024-03-02
b70f8100-01c6-4a0f-9b08-f5309d1046a7,17372cee-b534-454c-a37d-9ea2648f3b17,cbed1241-eb4f-43e9-8d12-e3d9c7508bb2,4,2024-02-29
67d6d1cb-60e5-4303-a0ac-c256e65d3aeb,c9ab6698-6062-4089-a9a9-2d6e9f97ce21,c3170728-95ef-422f-8e5c-7f7b2479fdaa,5,2024-04-06
5cb401e5-bd60-4888-a87e-d7e812ce82f1,83b54a9c-c10d-4354-b1d6-b54f207c3751,7adf5937-657c-43c1-916f-5f52da717fac,2,2024-01-09
c44015eb-5c73-489a-916e-277f8611273d,7a0583df-eaef-4886-9bf8-9a1af548a72f,e759d593-0d6a-4264-9dd2-adfbb8939038,2,2024-08-05
44bdb358-f31d-4565-86df-556f28b8ada0,13d4b7fe-8447-4a9e-b131-b92af7a19a3c,deb51472-996a-42b1-96e5-6a72ba78e2ab,4,2024-01-23
3a61ecaf-4820-44e8-987e-bcd2b4e2df97,79df26ac-d86b-4287-bb4d-08fb3168542d,e759d593-0d6a-4264-9dd2-adfbb8939038,3,2024-01-03
5953a6e0-8d7e-48c7-b06f-ed8732a64d5d,528df3bf-4eac-492b-a033-a4095a5595ad,f5f3f75b-138c-4171-8874-5ff40049cf17,3,2024-06-18
3e932bcb-2e0f-4bec-983c-c86adf0845b2,7d4c7f81-7bbc-43c1-9537-5ec4e63b9e41,a09b54cd-0abf-4d6a-9ef6-fc8c4c9f47ea,4,2024-01-21
95fff0bb-8882-44dc-8655-ec1481eb59a4,d9e346de-d217-4e69-9b13-bd992063994d,4a883726-42ea-4c3f-bd57-db91378859bc,5,2024-08-29
61e70b64-f77c-4ca2-be19-770fe18279d6,fb87a32b-c9b3-4f22-89f2-a6a3ea9b1ef9,4bd89363-4272-4c90-86b0-e4aec0645fae,3,2024-07-26
26a452b0-071a-49f1-b5b4-86a9ea4e9ae7,6131861e-5d82-4906-8f22-c176b23d3b36,89658e79-a140-4889-86d9-6a012ac19212,5,2024-02-22
4d291b29-ae0c-4921-b780-6764adb662df,04d73616-2909-4663-83da-65b95b6b8278,c3170728-95ef-422f-8e5c-7f7b2479fdaa,3,2024-03-24
d82e8852-4aff-4e03-8286-03267ce55745,ce8542b7-afa6-46a8-8ba8-8b6178b996d1,5dc59d01-0aa1-4061-929b-0d4c4342d5e7,2,2024-04-19
436852c7-e49e-4228-bd6b-b51275cb96de,21088e51-1f5c-4501-91b9-05e5395c19c5,7adf5937-657c-43c1-916f-5f52da717fac,2,2024-02-24
96c38776-65c0-4f65-a8de-a7a4d370ac35,370be351-6ec1-4d17-a190-929356466fd3,bd381ce1-0671-4d5b-a878-de28c508dffa,1,2024-02-08
330780b7-7eb8-46e5-9121-a09d45282eee,d080222a-9cb2-404c-bc79-2a10784689b2,7d496f22-33e6-4285-9be2-321e8b0561b3,4,2024-08-11
a0c70c85-8f12-4e85-a2fd-418eab2832b8,ed110c9e-3231-4b3e-b08a-af8597f2ccd7,7adf5937-657c-43c1-916f-5f52da717fac,4,2024-07-30
7ffa7c1b-8b9b-47f5-a54c-25eaec0130d0,bacb2132-c57c-475d-8d4c-8a88b913a807,d6145ef1-8d21-40c6-8bcf-2010f160fc0d,2,2024-03-01
4403393f-0e1d-449b-bcd8-1e13bc2f4f47,15061c6f-4e93-4e17-871e-2890f5a157d0,b14c7039-87b4-4b3d-bf95-2cd040d690b2,2,2024-08-23
bb603fbb-a765-4f3e-a197-aac73e66f238,b32b64f9-537c-4b99-97d9-dd6f40e87bfd,a09b54cd-0abf-4d6a-9ef6-fc8c4c9f47ea,3,2024-03-25
97a975a2-7606-43a8-99a7-42fa63ef69c9,6d89dd9b-6721-4e85-960b-676b1cc471c7,4a883726-42ea-4c3f-bd57-db91378859bc,1,2024-08-06
01884821-5be5-40fd-9d09-a0baf8bfb523,822e8937-97bd-4213-a7fc-927eb67468e3,c3170728-95ef-422f-8e5c-7f7b2479fdaa,1,2024-08-19
1cdcc969-1ba6-4a34-aabe-8a5822ce792d,9362202f-cdef-46a8-be0d-537bc7f2e815,684a7ae3-274a-46f3-8ccd-185800498136,4,2024-07-16
75adbc2e-29e4-4732-a5d6-385b6adbeb8f,62c37f25-9caa-449d-88e7-7fb9d153469b,684a7ae3-274a-46f3-8ccd-185800498136,1,2024-08-14
8da2eec9-d785-43cd-886a-0e08303e29d0,9114376b-f70b-4724-8b50-32430641b8bc,508ea1d5-daf0-4572-90bc-48f9931eca53,3,2024-01-26
06daee9b-930e-4447-9124-31c607c2febb,3638c9f5-ff50-4457-9ce3-046507d1a225,5dc59d01-0aa1-4061-929b-0d4c4342d5e7,4,2024-04-08
e3b5026a-f69b-4b22-b314-7f4e924b7671,62c37f25-9caa-449d-88e7-7fb9d153469b,43c60d20-7121-46a6-b548-f7be1780dcd8,3,2024-02-04
739235d5-7b29-4ba2-ab14-9790534f1af3,594b9707-9366-45f9-9d29-205bdd2011df,c487dc5c-fcd3-49fc-b7d9-c8d811d692f5,4,2024-01-13
5300a98a-c904-4a5f-ad25-dfd78d45f77f,d080222a-9cb2-404c-bc79-2a10784689b2,7e18ca93-a3b9-462e-bbbc-14ed5d533b3e,4,2024-02-19
4cec9cda-423f-45ed-a63f-7f702d1727cf,c3d5bcc1-ae0f-43ee-8c64-d1ba7e9f9c98,b14c7039-87b4-4b3d-bf95-2cd040d690b2,5,2024-02-20
4ac7b2b3-d0c1-4f4a-8b31-a80ba52124f9,13d4b7fe-8447-4a9e-b131-b92af7a19a3c,a1fb103f-9a36-4626-851e-da5f53e42e6f,3,2024-07-29
2b817d67-9ed9-4350-a687-35d0e148dc20,1a64663b-e5cd-421c-9913-bfd58dde9ac6,7d496f22-33e6-4285-9be2-321e8b0561b3,1,2024-05-24
ed1b4574-88b9-470c-a2d8-3d223b8fbbd8,208b8ca6-f1b4-4c24-99fa-052cb5972cd8,4a5140fa-0fc2-417a-ba2b-8a29076b4772,1,2024-08-23
bdecfe23-5c90-48df-a462-7ede9f6573f1,1de32790-4a2d-4bbd-8eca-3e79b74ab31a,9e940818-e66b-4d16-be56-4e9cf23021cc,3,2024-05-14
afcdf069-f4f3-48bc-b9bf-0b3016d4e0c5,85ad16e9-2b50-40d8-aa69-19ebdeb076e4,b14c7039-87b4-4b3d-bf95-2cd040d690b2,3,2024-07-16
0220478b-1b69-4390-bcd9-aa2e4a68568c,c1ec1d52-4c2e-4115-b845-263d7b651b5e,f5f3f75b-138c-4171-8874-5ff40049cf17,3,2024-08-05
4c1ed9dc-3953-41ab-bc33-362a3fc7fb07,7bcd5dc1-ce4b-43cd-b06d-3f2309fa4b92,8cfee8d2-32b9-4c82-8b9c-8819bc0b252c,2,2024-07-23
65d3da95-4dac-42ee-894e-bac6cc1d464e,c9ab6698-6062-4089-a9a9-2d6e9f97ce21,af0e08fe-4b55-4ec0-9d66-43a588c97d5b,4,2024-06-08
f70b302b-f08a-4bfd-a883-6386bc5d822b,7c3fd0c3-9f31-4410-8fa8-0fce2ff1a5a4,46cd6a49-3e36-4b01-ac1a-6a33d63c7ed9,2,2024-02-20
bf46b9bb-172e-4543-b00a-d6f1ff3d565d,11079ce9-d6d1-4c1f-a7e2-677d3faeb608,1b0b586b-894c-4ec9-9058-c9fcaeb43a25,1,2024-05-26
56c8b174-02f7-4354-ae41-251d539e4bad,178c67e8-6534-4590-bba1-1fccb01f685e,7adf5937-657c-43c1-916f-5f52da717fac,5,2024-01-03
73ad27aa-2083-4099-904b-fe78943a309b,d2e260a2-c115-40db-b0f3-abfc0093e9cd,a1fb103f-9a36-4626-851e-da5f53e42e6f,4,2024-05-26
2f9799c0-8dab-4291-ab3a-80285ac21a4e,dd6fdc99-f542-47f0-a2e1-4a13e3e05024,684a7ae3-274a-46f3-8ccd-185800498136,2,2024-02-23
c57c47de-592f-42af-97f1-21f1482f666b,caa80d81-0f81-4066-bd2b-7bcdbc67c3e7,7e18ca93-a3b9-462e-bbbc-14ed5d533b3e,3,2024-05-31
a793d52c-dbde-4d9f-adb2-3c2a21a6ebbc,9338ed22-4a08-4962-a9e9-7bafc3c6a205,508ea1d5-daf0-4572-90bc-48f9931eca53,1,2024-07-25
238414ab-52e6-440e-b79c-cb3a26762edb,caa80d81-0f81-4066-bd2b-7bcdbc67c3e7,f5f3f75b-138c-4171-8874-5ff40049cf17,5,2024-04-11
bea2a1c2-e09f-4d47-8a0c-b2eaf0550239,67e3f5b2-793b-4c52-b62b-eefe6acb24a2,1a0419fa-6e90-4b16-8db5-069c2b752261,4,2024-03-14
16b84e6e-8a13-40fd-921e-83793200ee99,560f6ba6-5006-4f2e-81a5-e859f9b611a7,a09b54cd-0abf-4d6a-9ef6-fc8c4c9f47ea,3,2024-07-01
f68281b7-045b-4e77-a45a-681f99f186b5,018b725c-c6db-4ae5-a0cf-7b5d858c382a,8cfee8d2-32b9-4c82-8b9c-8819bc0b252c,3,2024-03-03
98ffad0c-2104-4d2c-8637-f52ed48b205d,9338ed22-4a08-4962-a9e9-7bafc3c6a205,10403f77-8bc1-497e-bba5-3c427329fe8c,2,2024-07-31
22284fc7-f2e9-444e-aa07-2317f1d9cf30,dfa01824-146e-4d67-b9c4-d7d3db254ab9,cbed1241-eb4f-43e9-8d12-e3d9c7508bb2,1,2024-08-28
9490853b-d7f1-4eb1-829b-f2335aaf9d18,36661ee8-1ede-4149-9845-cbc7e723f2d2,7adf5937-657c-43c1-916f-5f52da717fac,5,2024-03-26
3eca7438-b5a7-49c1-9ac6-127d963592f2,c3167941-3184-4e90-89db-3fcbb9cd4c9c,63e8bbbb-5ad7-4d1d-b1c2-001a07b664f5,3,2024-03-27
8568509c-c1d6-4218-b116-88ee0c6786b8,e9dda49f-5915-4553-9a40-45c24a471f06,f5f3f75b-138c-4171-8874-5ff40049cf17,1,2024-03-07
6fa7281b-3e85-4421-b8b7-6cfc06521e94,bacb2132-c57c-475d-8d4c-8a88b913a807,66578397-7334-4d70-a8ae-40938eb76a1a,3,2024-01-15
564cb1ba-3103-4f2c-a27c-9272be6c2241,d23b1330-6e89-4b4f-ba3e-64f0a3891fa5,63e8bbbb-5ad7-4d1d-b1c2-001a07b664f5,1,2024-06-09
704432a8-da32-419e-a412-eb82af464a49,587359d4-f971-4ef3-a2d0-c22546f54985,7d496f22-33e6-4285-9be2-321e8b0561b3,4,2024-04-03
447c5545-d218-41a1-9ad6-86e3f2b28b44,7168add0-e400-473d-aac0-978428f8124b,d2727197-c8d4-48d9-9ecc-04f4c307a900,2,2024-01-26
17ea4de8-5015-4521-a232-30016cd4a9de,587359d4-f971-4ef3-a2d0-c22546f54985,4bd89363-4272-4c90-86b0-e4aec0645fae,2,2024-07-15
e67c2db7-5ad6-48b0-b5cc-f69d8067b38b,018b725c-c6db-4ae5-a0cf-7b5d858c382a,32168aa7-19e9-43c6-985e-1ae1aed0047e,5,2024-03-25
95f3133a-035c-4739-8295-bf0eb452f5f6,8691fdd1-4570-423b-8cf0-0ddce9a66995,46cd6a49-3e36-4b01-ac1a-6a33d63c7ed9,2,2024-04-03
5dad9113-ff56-4b39-8d15-ad0cb98295de,a14df0a3-1548-4bf6-8ffe-f766e74ae709,4a5140fa-0fc2-417a-ba2b-8a29076b4772,1,2024-04-04
70e71f80-7168-4954-bbe1-52acbedca2a9,38fe297b-47c7-4dd0-aeb6-4c276a2884ae,4a883726-42ea-4c3f-bd57-db91378859bc,1,2024-06-15
c7b2537f-7034-4982-bb09-b0a5f0e2c7cb,dd6fdc99-f542-47f0-a2e1-4a13e3e05024,164df126-5139-4749-b7d9-80db97aab362,2,2024-07-30
9b768722-1147-4215-abe4-908aa53cfff1,771000e3-d261-4194-b1c1-8a941b0c70c5,f5f3f75b-138c-4171-8874-5ff40049cf17,3,2024-06-08
62ba2b52-2e21-4dec-b1c5-00385c3f421d,3e2e4fde-4cca-4da4-adcc-31620b2c5dae,bd381ce1-0671-4d5b-a878-de28c508dffa,2,2024-03-05
27aad2d1-7f2c-45e1-9d83-e5d4216215d0,80d39f01-a26e-416d-bbd2-6d82e793b592,04324795-cd89-44b0-84c1-83561e5df529,5,2024-05-24
9d066831-8503-4edd-a228-4b876863fe93,8a3cf6f7-9aa7-44ce-9134-5324e5ae1c12,af0e08fe-4b55-4ec0-9d66-43a588c97d5b,5,2024-06-24
8b26a00b-623f-4c3c-bbf5-9bb8955e925c,2927e5af-1e2b-4434-8cc5-2657835814bb,9e940818-e66b-4d16-be56-4e9cf23021cc,3,2024-06-16
2963f6c5-f935-4d91-9ae5-def366d3ae1f,fb87a32b-c9b3-4f22-89f2-a6a3ea9b1ef9,f5f3f75b-138c-4171-8874-5ff40049cf17,3,2024-08-12
80df72c1-d32c-47e9-9b07-1596d01e68a7,f12be5f9-c55b-4e65-9253-835c7226f10e,c3170728-95ef-422f-8e5c-7f7b2479fdaa,1,2024-06-10
1453f085-f17f-4584-bee5-e6d8dcefd220,83b54a9c-c10d-4354-b1d6-b54f207c3751,89658e79-a140-4889-86d9-6a012ac19212,2,2024-05-03
c151ebf1-09e2-4de5-9dd9-10b6c1faf1df,594b9707-9366-45f9-9d29-205bdd2011df,1332c032-a285-4997-b8f7-66ea41f5e4ba,4,2024-01-02
e07100ca-c3f1-4479-af2b-65f7f22b9787,5bfb052d-11a4-4c75-b52e-c484e39fc654,164df126-5139-4749-b7d9-80db97aab362,1,2024-06-03
9b42eeb8-fc7c-4852-9a3d-783d98b82aeb,f2433fa9-4bd4-4274-acf5-27f7c2a97a62,00e529d1-96fe-4b9b-b7a2-d52c7dc519d4,3,2024-06-29
c7424cc3-226e-441e-af69-b317d89647ec,841a2055-daf6-4d1c-9ec6-5f45a1dabf88,805c053f-4536-4742-9e05-9acf6f191c40,4,2024-01-29
bf83286b-dd03-4753-be3d-e0639009d3ae,7bcd5dc1-ce4b-43cd-b06d-3f2309fa4b92,46cd6a49-3e36-4b01-ac1a-6a33d63c7ed9,3,2024-08-09
11b5f09b-7885-489f-ab1d-da8d51ff6706,dd6fdc99-f542-47f0-a2e1-4a13e3e05024,7adf5937-657c-43c1-916f-5f52da717fac,3,2024-03-10
b54997a5-bb1b-463a-bf35-4a816326d747,658fb1eb-d5f5-4d95-bb78-3b93b268f565,46cd6a49-3e36-4b01-ac1a-6a33d63c7ed9,2,2024-03-06
1bdf56ea-1092-4a37-b498-8778369a107e,9114376b-f70b-4724-8b50-32430641b8bc,01dc60ef-7f44-41bd-b97d-3197c53631b5,5,2024-07-17
6453dfd8-c639-4f15-82a5-c8fddab6fe85,5bfb052d-11a4-4c75-b52e-c484e39fc654,cca4542c-b127-4afc-aa37-7756b9d6e2a1,5,2024-06-15
cea7a149-f4f1-4ba5-924c-21f3358a746f,dad4fe4a-5931-456a-9c62-33ddafeb0522,d6145ef1-8d21-40c6-8bcf-2010f160fc0d,1,2024-04-03
ae721752-50ec-4d34-a35a-fe1226e8672e,018b725c-c6db-4ae5-a0cf-7b5d858c382a,c3170728-95ef-422f-8e5c-7f7b2479fdaa,3,2024-05-17
26e55c18-776f-438c-b4fc-ac67da123e08,62c37f25-9caa-449d-88e7-7fb9d153469b,bd381ce1-0671-4d5b-a878-de28c508dffa,1,2024-04-29
8fc98019-570c-40cf-8364-62127a12c682,812f3f6c-07e6-47c8-b15e-754a861fcbc4,b14c7039-87b4-4b3d-bf95-2cd040d690b2,1,2024-04-19
3bc2b357-21e2-4059-bb1e-1f64e401a8c1,b5c506bb-b844-41b7-81a0-40fee3800a1d,0551ef25-0bd4-4d9c-ad14-2d3a48d42e20,1,2024-02-13
2ba00950-40fd-4434-b3e1-238c47a34566,6d89dd9b-6721-4e85-960b-676b1cc471c7,a1fb103f-9a36-4626-851e-da5f53e42e6f,5,2024-05-01
ea69006a-28cc-4f9d-8f53-fae6775b2a78,812f3f6c-07e6-47c8-b15e-754a861fcbc4,7adf5937-657c-43c1-916f-5f52da717fac,4,2024-04-07
ad0f1f78-9d0a-4476-920b-9ca4ea0c09de,7bcd5dc1-ce4b-43cd-b06d-3f2309fa4b92,76cd3754-36f8-4e9e-bea4-063574cf6886,5,2024-08-09
9e08adf9-b559-4c35-9de8-218832352592,17372cee-b534-454c-a37d-9ea2648f3b17,a09b54cd-0abf-4d6a-9ef6-fc8c4c9f47ea,2,2024-04-24
c163016b-e07c-4ae1-8375-d00a161ea14e,17372cee-b534-454c-a37d-9ea2648f3b17,d6145ef1-8d21-40c6-8bcf-2010f160fc0d,1,2024-08-05
75de2726-b9fc-400a-a029-7024e71d88f1,e989598e-4010-4e04-aa09-1a2ecb3e5b01,9b5b30a0-514e-41e5-aca7-201c742d7ad6,4,2024-01-11
a1e02e0a-30ca-4cc4-af90-d4963935c789,16420d0c-2e7e-4a4d-8e9c-304113aa06c0,b14c7039-87b4-4b3d-bf95-2cd040d690b2,3,2024-08-05
a7535cd6-11a0-46f0-82e3-33ec4e6190b8,b3e38c97-fb33-4ef4-aab5-bd2741615dc0,4a883726-42ea-4c3f-bd57-db91378859bc,4,2024-08-16
c9d06073-e3c4-4248-976c-072937e0bad6,36661ee8-1ede-4149-9845-cbc7e723f2d2,164df126-5139-4749-b7d9-80db97aab362,1,2024-02-14
815e2b84-00a2-41e0-a619-d2faefd55b7c,d2e260a2-c115-40db-b0f3-abfc0093e9cd,164df126-5139-4749-b7d9-80db97aab362,5,2024-04-19
80012e55-f73f-4cf0-9b4d-6c82f789c786,4a256ef5-aa25-496f-86da-832269574fda,4bd89363-4272-4c90-86b0-e4aec0645fae,1,2024-08-23
e4d33989-2e60-476c-90f6-e8d18767a3f6,f2433fa9-4bd4-4274-acf5-27f7c2a97a62,deb51472-996a-42b1-96e5-6a72ba78e2ab,2,2024-07-24
996f2f29-8e95-40ee-bff6-bb033ec14cc8,d00355d0-ae64-419e-9654-98a231e79f22,c3170728-95ef-422f-8e5c-7f7b2479fdaa,1,2024-01-16
40377f5d-b8fe-401a-aca3-e7ad240b2490,bacb2132-c57c-475d-8d4c-8a88b913a807,9e516857-5020-45be-8677-597770444957,5,2024-07-24
596e0bff-58de-4142-8212-8fc7232d9f6b,087eee97-7af2-4d0a-a4d6-042b4551a767,99c9e979-6fdf-4dd7-8df7-4342b36d1a89,3,2024-03-05
2e8a00f5-049a-438b-bd02-c4efc6bc69a9,c9ab6698-6062-4089-a9a9-2d6e9f97ce21,04324795-cd89-44b0-84c1-83561e5df529,5,2024-03-01
b72253d1-937e-4de3-ae0d-0eff6f98b878,d6b70054-7d30-4d62-b5bb-f57c24823bf6,1a0419fa-6e90-4b16-8db5-069c2b752261,5,2024-08-28
d160b9f9-4aef-4705-bca3-8878bd9818f8,d6b70054-7d30-4d62-b5bb-f57c24823bf6,a09b54cd-0abf-4d6a-9ef6-fc8c4c9f47ea,2,2024-06-13
5acd791d-3799-40e8-9458-2b24414adce4,1a64663b-e5cd-421c-9913-bfd58dde9ac6,e1334fd0-d721-4bba-a614-8bc100368c91,2,2024-07-13
b39ac1e7-044a-4a24-8e68-87091aeda6b5,7a0583df-eaef-4886-9bf8-9a1af548a72f,00e529d1-96fe-4b9b-b7a2-d52c7dc519d4,3,2024-05-16
e8e85012-0d4c-4cae-92a8-76c9bfe40d92,83b54a9c-c10d-4354-b1d6-b54f207c3751,04324795-cd89-44b0-84c1-83561e5df529,5,2024-05-18
7dee3a5f-8c74-4472-b073-13ebd39a9318,8691fdd1-4570-423b-8cf0-0ddce9a66995,1b0b586b-894c-4ec9-9058-c9fcaeb43a25,1,2024-05-30
9af95836-c8b2-4fec-948f-35bcf763eda9,bacb2132-c57c-475d-8d4c-8a88b913a807,01dc60ef-7f44-41bd-b97d-3197c53631b5,2,2024-08-03
6344ec2f-a808-415b-8966-0bb968858867,d23b1330-6e89-4b4f-ba3e-64f0a3891fa5,4bd89363-4272-4c90-86b0-e4aec0645fae,2,2024-06-27
cde02fe3-77b5-43ed-ab9e-4abe9ed347c3,7d4c7f81-7bbc-43c1-9537-5ec4e63b9e41,cca4542c-b127-4afc-aa37-7756b9d6e2a1,1,2024-03-30
a7a64353-7dc0-44d8-a4f2-ee2c6cab14f8,d548fee1-840b-4ff8-9673-69273c301730,508ea1d5-daf0-4572-90bc-48f9931eca53,1,2024-02-27
14d49e0c-229c-4b13-9ce4-5ef0ad8b9570,9fc2416e-df4f-4e83-ae28-6eb6e1130928,7d496f22-33e6-4285-9be2-321e8b0561b3,4,2024-06-11
4f5fb6f9-aa20-4363-9615-84d52a8aea17,822e8937-97bd-4213-a7fc-927eb67468e3,805c053f-4536-4742-9e05-9acf6f191c40,1,2024-06-04
c06d22a3-8a93-4547-ae65-35aef8df8a83,9114376b-f70b-4724-8b50-32430641b8bc,4a883726-42ea-4c3f-bd57-db91378859bc,3,2024-05-06
735d1fba-a5c3-4c76-9e3b-0a6bdb31e112,cbe5b40e-bf75-474a-b3e1-5f4a0ed12a64,a09b54cd-0abf-4d6a-9ef6-fc8c4c9f47ea,1,2024-08-02
14e3408b-ea50-42c5-b666-c80a70fd0b42,95e705af-1b0e-4e0a-a6a6-95206a9f9cd4,e759d593-0d6a-4264-9dd2-adfbb8939038,2,2024-05-25
3c89e45d-b7f4-4676-a141-b18f85458b6c,178c67e8-6534-4590-bba1-1fccb01f685e,b14c7039-87b4-4b3d-bf95-2cd040d690b2,5,2024-08-08
76433acf-2f23-4b10-b065-514fb72af4d1,b5c506bb-b844-41b7-81a0-40fee3800a1d,c3170728-95ef-422f-8e5c-7f7b2479fdaa,1,2024-06-09
bcb3d6e5-0b94-48a5-a46b-8acb97d0102a,c1ec1d52-4c2e-4115-b845-263d7b651b5e,cbed1241-eb4f-43e9-8d12-e3d9c7508bb2,4,2024-08-14
076ad8c4-f695-4d08-9fd9-f91640af5b81,6ee23c24-f2d3-4b11-b3dc-a93a7cb7cef5,46cd6a49-3e36-4b01-ac1a-6a33d63c7ed9,1,2024-08-06
4d1066bf-df09-47d9-8a20-f6fa4c195330,e989598e-4010-4e04-aa09-1a2ecb3e5b01,af301a41-4768-433f-a81b-9738fa59a5f2,4,2024-01-21
f758ea02-f8ff-434d-a80a-ba5f3253666e,58838810-6842-4262-876d-b5bfad554db3,43c60d20-7121-46a6-b548-f7be1780dcd8,3,2024-04-02
6a280f9f-9025-41e4-bb4f-70648aedf414,587359d4-f971-4ef3-a2d0-c22546f54985,684a7ae3-274a-46f3-8ccd-185800498136,1,2024-02-22
078443f4-c6c1-48b1-86ba-edc9fff15a01,9fc2416e-df4f-4e83-ae28-6eb6e1130928,deb51472-996a-42b1-96e5-6a72ba78e2ab,5,2024-01-07
e3a64de6-3001-47f5-ba37-b732256118ff,018b725c-c6db-4ae5-a0cf-7b5d858c382a,a09b54cd-0abf-4d6a-9ef6-fc8c4c9f47ea,5,2024-05-06
9218b117-4d6a-46f5-bc94-f31c9cd80d75,5fc5ebc7-5713-42a2-a1e6-be8a83758e41,cca4542c-b127-4afc-aa37-7756b9d6e2a1,4,2024-07-20
d0df806e-3864-468e-a643-aa259fd54f76,7a0583df-eaef-4886-9bf8-9a1af548a72f,af0e08fe-4b55-4ec0-9d66-43a588c97d5b,3,2024-08-16
b54f1696-dba7-4f53-9765-502b5654ab97,9338ed22-4a08-4962-a9e9-7bafc3c6a205,e759d593-0d6a-4264-9dd2-adfbb8939038,5,2024-03-15
350c371c-41ff-4dd0-8f62-225bdef4d267,208b8ca6-f1b4-4c24-99fa-052cb5972cd8,4a5140fa-0fc2-417a-ba2b-8a29076b4772,1,2024-07-17
d0ded32d-5f1d-4dcb-881e-789b0882472f,62c37f25-9caa-449d-88e7-7fb9d153469b,d6145ef1-8d21-40c6-8bcf-2010f160fc0d,5,2024-04-23
1e980249-55d4-4cb2-8f0c-f1cbc9869b1a,9362202f-cdef-46a8-be0d-537bc7f2e815,9e516857-5020-45be-8677-597770444957,4,2024-01-20
65819c22-bc8d-451f-afbd-b303477735ad,95e705af-1b0e-4e0a-a6a6-95206a9f9cd4,6a461f4a-1181-42ed-a3d2-93e2aecdb709,4,2024-07-24
a579e594-e2e4-4c08-9bba-3345ee704171,79df26ac-d86b-4287-bb4d-08fb3168542d,c3170728-95ef-422f-8e5c-7f7b2479fdaa,4,2024-04-27
3b3415b3-3946-4731-9b59-77f01ded2904,17372cee-b534-454c-a37d-9ea2648f3b17,1332c032-a285-4997-b8f7-66ea41f5e4ba,1,2024-02-29
02f47e77-d309-4b74-a917-480c56af6d86,d080222a-9cb2-404c-bc79-2a10784689b2,8cfee8d2-32b9-4c82-8b9c-8819bc0b252c,3,2024-08-25
468ccffb-8ac1-4218-8f0f-9f1dbff678b4,f475dafe-fd20-416b-8ccf-695d9a4ee8c7,508ea1d5-daf0-4572-90bc-48f9931eca53,3,2024-03-30
de7d28ce-2f1e-4d08-9069-84e5d41fe091,d9e346de-d217-4e69-9b13-bd992063994d,46cd6a49-3e36-4b01-ac1a-6a33d63c7ed9,4,2024-06-24
2f002def-04bb-4304-a3e2-c4bbeac4d907,13d4b7fe-8447-4a9e-b131-b92af7a19a3c,43c60d20-7121-46a6-b548-f7be1780dcd8,1,2024-04-24
eb98b201-adc8-486b-bc20-6cb231fc8aa7,771000e3-d261-4194-b1c1-8a941b0c70c5,8cfee8d2-32b9-4c82-8b9c-8819bc0b252c,1,2024-03-01
b11d083c-6dc7-4f4f-bfb9-81b1049d6950,3e2e4fde-4cca-4da4-adcc-31620b2c5dae,7d496f22-33e6-4285-9be2-321e8b0561b3,3,2024-01-06
9360006e-56ab-484e-ab43-371f918657f4,9fc2416e-df4f-4e83-ae28-6eb6e1130928,1f3c80e6-fef1-49fe-9835-d7580973e77a,1,2024-06-13
18b12de1-4834-4b6f-9696-60563a5e870a,7d4c7f81-7bbc-43c1-9537-5ec4e63b9e41,1f3c80e6-fef1-49fe-9835-d7580973e77a,5,2024-05-01
